{
  "type": "FeatureCollection",
  "features": [
    {
      "type": "Feature",
      "id": "PH0401017001",
      "properties": {
        "adm4_name": "Bagong Pook",
        "adm4_name1": null,
        "adm4_name2": null,
        "adm4_name3": null,
        "adm4_pcode": "PH0401017001",
        "adm3_name": "Malvar",
        "adm3_name1": null,
        "adm3_name2": null,
        "adm3_name3": null,
        "adm3_pcode": "PH0401017",
        "adm2_name": "Batangas",
        "adm2_name1": null,
        "adm2_name2": null,
        "adm2_name3": null,
        "adm2_pcode": "PH04010",
        "adm1_name": "Region IV-A (Calabarzon)",
        "adm1_name1": null,
        "adm1_name2": null,
        "adm1_name3": null,
        "adm1_pcode": "PH04",
        "adm0_name": "Philippines",
        "adm0_name1": null,
        "adm0_name2": null,
        "adm0_name3": null,
        "adm0_pcode": "PH",
        "valid_on": "20250213",
        "valid_to": "00000000",
        "area_sqkm": 1.8691837,
        "version": "v03",
        "lang": "en",
        "lang1": null,
        "lang2": null,
        "lang3": null,
        "adm4_ref_n": "Bagong Pook",
        "center_lat": 14.03811168,
        "center_lon": 121.17605695,
        "distync_code": "BAGONG_POOK"
      },
      "geometry": {
        "type": "Polygon",
        "coordinates": [
          [
            [
              121.17793715200003,
              14.04825493100003
            ],
            [
              121.17789336800013,
              14.0483534440001
            ],
            [
              121.17781127400008,
              14.048347971000112
            ],
            [
              121.17769634200022,
              14.048331552000093
            ],
            [
              121.17761424800017,
              14.048282296000082
            ],
            [
              121.17750478900007,
              14.048249458000043
            ],
            [
              121.1773351280001,
              14.048265877000063
            ],
            [
              121.17724756100006,
              14.048265877000063
            ],
            [
              121.17346555800009,
              14.046641424000029
            ],
            [
              121.16959001800001,
              14.045079032999979
            ],
            [
              121.16630916100007,
              14.044280527000183
            ],
            [
              121.1663332070001,
              14.044230832000096
            ],
            [
              121.16636045900009,
              14.044166711000173
            ],
            [
              121.16639732900012,
              14.044134650000103
            ],
            [
              121.16643580200002,
              14.04408655800006
            ],
            [
              121.16650152700004,
              14.043996788000072
            ],
            [
              121.1665480150001,
              14.043929460000186
            ],
            [
              121.16657206100001,
              14.04389900200016
            ],
            [
              121.16665221300002,
              14.043801216000077
            ],
            [
              121.16666503800013,
              14.043762743000173
            ],
            [
              121.16668587700019,
              14.04373709400005
            ],
            [
              121.16673717500032,
              14.043708239000068
            ],
            [
              121.16678847200001,
              14.043645720000143
            ],
            [
              121.16683496100006,
              14.043570377000037
            ],
            [
              121.16688374600028,
              14.043517884000039
            ],
            [
              121.1668937180001,
              14.043483695000134
            ],
            [
              121.16690228900018,
              14.043419690999997
            ],
            [
              121.16690549500004,
              14.043379615000049
            ],
            [
              121.16691831900005,
              14.043350760000067
            ],
            [
              121.1669535860002,
              14.04331549300008
            ],
            [
              121.16696961700006,
              14.043272210000168
            ],
            [
              121.16698725000015,
              14.043243356000062
            ],
            [
              121.16699686800007,
              14.043204882000111
            ],
            [
              121.16699686800007,
              14.043171218000168
            ],
            [
              121.16700167800013,
              14.043127936000133
            ],
            [
              121.16702572300005,
              14.043078242000092
            ],
            [
              121.16708984500019,
              14.043007708000118
            ],
            [
              121.16712190600015,
              14.042972441000131
            ],
            [
              121.16718763100016,
              14.04289549400005
            ],
            [
              121.16723251600001,
              14.04286343299998
            ],
            [
              121.167272593,
              14.042839388000061
            ],
            [
              121.1672902260002,
              14.042820151000171
            ],
            [
              121.16731568700004,
              14.042798478000066
            ],
            [
              121.16732497600003,
              14.042772675000151
            ],
            [
              121.1673983820001,
              14.042725601000143
            ],
            [
              121.16747240800032,
              14.042703393000068
            ],
            [
              121.16752126500023,
              14.04268414600017
            ],
            [
              121.16759233000016,
              14.042639730000076
            ],
            [
              121.16763526500006,
              14.042596795000122
            ],
            [
              121.16764337600011,
              14.042584629000032
            ],
            [
              121.16767672000003,
              14.042534613000157
            ],
            [
              121.16771373300014,
              14.042473911999991
            ],
            [
              121.16775074600025,
              14.042395444000078
            ],
            [
              121.16778331800015,
              14.042296249000117
            ],
            [
              121.16778775900002,
              14.042244431000142
            ],
            [
              121.16778924000005,
              14.042207417999975
            ],
            [
              121.16778924000005,
              14.042152639000165
            ],
            [
              121.16778040000008,
              14.042140452000126
            ],
            [
              121.1677886240002,
              14.04213496900013
            ],
            [
              121.16779890500004,
              14.042128115000082
            ],
            [
              121.16781603900006,
              14.042115778000039
            ],
            [
              121.16782426400016,
              14.042096587000117
            ],
            [
              121.16780987100026,
              14.04207397000016
            ],
            [
              121.16781466900011,
              14.042055464000043
            ],
            [
              121.16782700500005,
              14.04203901500017
            ],
            [
              121.16783865700017,
              14.042024622000156
            ],
            [
              121.16784002800023,
              14.042010229000084
            ],
            [
              121.16783111800021,
              14.04199789200004
            ],
            [
              121.16781711500016,
              14.041975980000188
            ],
            [
              121.16781261200003,
              14.041958140000133
            ],
            [
              121.16781323800012,
              14.041943020000133
            ],
            [
              121.16783068700022,
              14.041931387000147
            ],
            [
              121.16787140400015,
              14.041931387000147
            ],
            [
              121.16790630300011,
              14.041933325000116
            ],
            [
              121.16793344700022,
              14.041923631000031
            ],
            [
              121.16795089700008,
              14.041898425999989
            ],
            [
              121.16799743000024,
              14.041848015000028
            ],
            [
              121.16805947300031,
              14.041803422000157
            ],
            [
              121.16814478300012,
              14.041745256000127
            ],
            [
              121.16826305400002,
              14.041673518000039
            ],
            [
              121.16835418000005,
              14.041669640000066
            ],
            [
              121.16841816300018,
              14.04169678400018
            ],
            [
              121.16845887900001,
              14.041743317000055
            ],
            [
              121.16850735000003,
              14.04175301100014
            ],
            [
              121.1685810270003,
              14.041747195000028
            ],
            [
              121.16863725400003,
              14.041727806000097
            ],
            [
              121.1687051140002,
              14.041689029000167
            ],
            [
              121.1688311400003,
              14.04161729100008
            ],
            [
              121.16890869500003,
              14.041607596999995
            ],
            [
              121.16899400400007,
              14.041584330000148
            ],
            [
              121.16910064200022,
              14.041543614000147
            ],
            [
              121.16917238000008,
              14.04147187600006
            ],
            [
              121.16923248400008,
              14.04139238300013
            ],
            [
              121.16932167200002,
              14.041314828000054
            ],
            [
              121.16947484200011,
              14.04119074100015
            ],
            [
              121.16966679000018,
              14.041089920000047
            ],
            [
              121.16992206400016,
              14.040953954000031
            ],
            [
              121.17009821400018,
              14.040864005000117
            ],
            [
              121.17021354900021,
              14.04084756300017
            ],
            [
              121.17027179400009,
              14.040797716000043
            ],
            [
              121.17028868600028,
              14.040782292000188
            ],
            [
              121.17030484400004,
              14.040775682000174
            ],
            [
              121.17031732900011,
              14.040771275999987
            ],
            [
              121.1703386280002,
              14.04076760300012
            ],
            [
              121.17034539100007,
              14.040768069000023
            ],
            [
              121.17036139600009,
              14.040768338000134
            ],
            [
              121.17037241300022,
              14.040768338000134
            ],
            [
              121.17038563300002,
              14.04076760300012
            ],
            [
              121.1703959150002,
              14.040766135000183
            ],
            [
              121.1704069320001,
              14.04076025900008
            ],
            [
              121.17041712900016,
              14.04075062000004
            ],
            [
              121.17044292000026,
              14.040727943000036
            ],
            [
              121.17046715600009,
              14.040687549000097
            ],
            [
              121.1704781730001,
              14.040673594000111
            ],
            [
              121.17049580000003,
              14.040642013000024
            ],
            [
              121.17052150500012,
              14.040598681000006
            ],
            [
              121.17055529000015,
              14.040560489000029
            ],
            [
              121.17059054400022,
              14.04052009500009
            ],
            [
              121.1706140460002,
              14.04049953000009
            ],
            [
              121.1706390170001,
              14.040463542000111
            ],
            [
              121.17064929900005,
              14.040449588000001
            ],
            [
              121.17066178500033,
              14.040432696000039
            ],
            [
              121.17067720800014,
              14.040427554000132
            ],
            [
              121.17069189700021,
              14.040425351000067
            ],
            [
              121.17071025800021,
              14.040419476000011
            ],
            [
              121.17073596400019,
              14.040404052000156
            ],
            [
              121.17076681100014,
              14.040382753000074
            ],
            [
              121.17078590600022,
              14.040354110000123
            ],
            [
              121.17079545400009,
              14.040343827000072
            ],
            [
              121.17081381500009,
              14.040334280000081
            ],
            [
              121.1708461310003,
              14.040326201000028
            ],
            [
              121.17088799500004,
              14.04032252800016
            ],
            [
              121.17091957600007,
              14.040316653000104
            ],
            [
              121.17095776700012,
              14.040303433000076
            ],
            [
              121.17100109900002,
              14.0402799310001
            ],
            [
              121.17102313300006,
              14.040252756000086
            ],
            [
              121.17103268100016,
              14.040216768000107
            ],
            [
              121.17104076000021,
              14.040160950000143
            ],
            [
              121.17103635300009,
              14.04010586700008
            ],
            [
              121.17104076000021,
              14.040076489000171
            ],
            [
              121.17104149400006,
              14.040056659000129
            ],
            [
              121.17105324500005,
              14.040028015000075
            ],
            [
              121.17107601300017,
              14.040000841000108
            ],
            [
              121.17109657800017,
              14.039981745000148
            ],
            [
              121.1711259550002,
              14.039957508000157
            ],
            [
              121.17117810100024,
              14.039926662000084
            ],
            [
              121.17119499300009,
              14.039912707000099
            ],
            [
              121.17122804400003,
              14.039875985000094
            ],
            [
              121.17136024400008,
              14.039724689000025
            ],
            [
              121.17143075100023,
              14.039624069000013
            ],
            [
              121.17158792300006,
              14.039405939000119
            ],
            [
              121.17163419300016,
              14.03933396299999
            ],
            [
              121.17188660900024,
              14.039020289000177
            ],
            [
              121.17196982100006,
              14.03890281300005
            ],
            [
              121.17208142300001,
              14.038735410000129
            ],
            [
              121.17210589700005,
              14.038692335000007
            ],
            [
              121.17216659300016,
              14.038598354000158
            ],
            [
              121.17221260400015,
              14.038493605000099
            ],
            [
              121.1722384840001,
              14.038472144000025
            ],
            [
              121.17225401700011,
              14.038432449000027
            ],
            [
              121.1722988900002,
              14.038337525000145
            ],
            [
              121.17230579300008,
              14.038297829000044
            ],
            [
              121.17230061600014,
              14.038265038000134
            ],
            [
              121.17230234200008,
              14.038228794000133
            ],
            [
              121.17231269700017,
              14.038161484000057
            ],
            [
              121.17232650400001,
              14.038073464000092
            ],
            [
              121.17234203700013,
              14.038037220000092
            ],
            [
              121.17237137700022,
              14.03797854000004
            ],
            [
              121.17239554000002,
              14.037940570000103
            ],
            [
              121.17244386400012,
              14.03783011400003
            ],
            [
              121.17249564100018,
              14.03774036700014
            ],
            [
              121.17253533700011,
              14.037662702000034
            ],
            [
              121.1725836610002,
              14.037593667000067
            ],
            [
              121.17271137700027,
              14.037377931000151
            ],
            [
              121.17287188500006,
              14.03708625500019
            ],
            [
              121.17290122500003,
              14.037032753000005
            ],
            [
              121.17290122500003,
              14.036991331000138
            ],
            [
              121.172908129,
              14.036956814000064
            ],
            [
              121.17291158000023,
              14.03693092500015
            ],
            [
              121.17291158000023,
              14.036879149000129
            ],
            [
              121.17293945100016,
              14.036818094000125
            ],
            [
              121.17296335700019,
              14.036765240000022
            ],
            [
              121.17301513400014,
              14.036773869000115
            ],
            [
              121.17307208800003,
              14.036801483999966
            ],
            [
              121.17313076800008,
              14.036834275000103
            ],
            [
              121.17316010800005,
              14.036846357000059
            ],
            [
              121.17319290000023,
              14.036842905000128
            ],
            [
              121.17324467700018,
              14.03682219400008
            ],
            [
              121.17330163100007,
              14.036794580000105
            ],
            [
              121.17334995600027,
              14.036744529000146
            ],
            [
              121.17343625100023,
              14.036613362000026
            ],
            [
              121.17358295100007,
              14.036463209000146
            ],
            [
              121.1736675200001,
              14.036416610000117
            ],
            [
              121.17368132700005,
              14.036395900000173
            ],
            [
              121.17368477900004,
              14.036351026000034
            ],
            [
              121.17368477900004,
              14.036302702000114
            ],
            [
              121.17367787500018,
              14.036235392000037
            ],
            [
              121.17367269800002,
              14.036140467999985
            ],
            [
              121.17367269800002,
              14.036086965000095
            ],
            [
              121.17369256300015,
              14.035914960000184
            ],
            [
              121.17372453000019,
              14.0357167680001
            ],
            [
              121.17372453000019,
              14.035537756000053
            ],
            [
              121.17376288900005,
              14.035390711000048
            ],
            [
              121.17380764200016,
              14.035230879000153
            ],
            [
              121.17380764200016,
              14.035045474000185
            ],
            [
              121.17382042900022,
              14.0348472820001
            ],
            [
              121.17388436200008,
              14.03462351700017
            ],
            [
              121.17398665400003,
              14.03445729100008
            ],
            [
              121.17405058700024,
              14.034329426000056
            ],
            [
              121.1741145200001,
              14.034092874000066
            ],
            [
              121.17421681200005,
              14.033811570000069
            ],
            [
              121.1743638580001,
              14.033421580000095
            ],
            [
              121.17447893700012,
              14.033242568000048
            ],
            [
              121.1747027020001,
              14.033101915000032
            ],
            [
              121.17492007400017,
              14.03308273500005
            ],
            [
              121.17507990600006,
              14.033031589000075
            ],
            [
              121.17523334500004,
              14.032980443000099
            ],
            [
              121.17534203000002,
              14.032910117000142
            ],
            [
              121.17548907600019,
              14.032833397000047
            ],
            [
              121.1756744810001,
              14.032788644000163
            ],
            [
              121.17589824600009,
              14.032692745000134
            ],
            [
              121.17598135900016,
              14.032603238999968
            ],
            [
              121.17607725800019,
              14.032417834
            ],
            [
              121.17610922400013,
              14.032226035000065
            ],
            [
              121.17617955100002,
              14.032015056999967
            ],
            [
              121.17623709000009,
              14.03181686500011
            ],
            [
              121.17633298900012,
              14.03159310000018
            ],
            [
              121.17643528200028,
              14.031382122000139
            ],
            [
              121.17651839500002,
              14.031177537000133
            ],
            [
              121.17646085500019,
              14.031049671000062
            ],
            [
              121.17640970900004,
              14.030940985000143
            ],
            [
              121.17637774200011,
              14.03081951300004
            ],
            [
              121.1764416750002,
              14.030653288000053
            ],
            [
              121.17653757400001,
              14.030276084000093
            ],
            [
              121.17658872100014,
              14.030122645000063
            ],
            [
              121.17676110200011,
              14.029856599000084
            ],
            [
              121.17693260800002,
              14.029685094000058
            ],
            [
              121.17715088700004,
              14.029544771000076
            ],
            [
              121.17733798400002,
              14.02929530900019
            ],
            [
              121.17741594100016,
              14.028967890000047
            ],
            [
              121.1774003490001,
              14.028734019000126
            ],
            [
              121.17743528100016,
              14.028380827000035
            ],
            [
              121.1775924860001,
              14.02805659000012
            ],
            [
              121.17773340500014,
              14.027919645000054
            ],
            [
              121.17833948200007,
              14.0284425320001
            ],
            [
              121.18014415600021,
              14.030003940000142
            ],
            [
              121.1828311380001,
              14.030129500000044
            ],
            [
              121.18411315700007,
              14.030561055000135
            ],
            [
              121.18412185700004,
              14.030595855000172
            ],
            [
              121.18413490700004,
              14.030613254999992
            ],
            [
              121.18417405700018,
              14.030661105000036
            ],
            [
              121.18423060700002,
              14.03079160499999
            ],
            [
              121.18421755700001,
              14.030904705000125
            ],
            [
              121.18419145700011,
              14.031043905000104
            ],
            [
              121.18411315700007,
              14.03111785499999
            ],
            [
              121.18403485700003,
              14.031209205000096
            ],
            [
              121.18399570700012,
              14.031326655000044
            ],
            [
              121.18401310700017,
              14.031422355000132
            ],
            [
              121.18400440700009,
              14.031505005000042
            ],
            [
              121.18386520700017,
              14.031574605000117
            ],
            [
              121.18378255700009,
              14.03164855500006
            ],
            [
              121.18378690700024,
              14.031735555000125
            ],
            [
              121.18376950700008,
              14.031853005000073
            ],
            [
              121.18380430700006,
              14.031918255000164
            ],
            [
              121.18385215700016,
              14.032035705999988
            ],
            [
              121.183847807,
              14.032179256000177
            ],
            [
              121.18374775700022,
              14.03218360600016
            ],
            [
              121.18365640700029,
              14.03222275600001
            ],
            [
              121.1835607070002,
              14.032314106000115
            ],
            [
              121.18344760700006,
              14.032331506000162
            ],
            [
              121.18336495700032,
              14.032288006000101
            ],
            [
              121.18333015700011,
              14.032218406000027
            ],
            [
              121.18321270700017,
              14.032261906000087
            ],
            [
              121.18310830700023,
              14.032370656000182
            ],
            [
              121.18308220700021,
              14.032483756000147
            ],
            [
              121.18315180700006,
              14.032522906000167
            ],
            [
              121.18313440700013,
              14.032596856000055
            ],
            [
              121.18310830700023,
              14.032653406000122
            ],
            [
              121.18301260700014,
              14.03267080600017
            ],
            [
              121.18292995700006,
              14.032757806000063
            ],
            [
              121.18286470700002,
              14.032883956000035
            ],
            [
              121.18286470700002,
              14.033023156000183
            ],
            [
              121.18282555700011,
              14.033123206000084
            ],
            [
              121.18277770700001,
              14.033218906000059
            ],
            [
              121.18272985700003,
              14.0332972060001
            ],
            [
              121.18268200600005,
              14.033332005999966
            ],
            [
              121.18256890600014,
              14.033436406000078
            ],
            [
              121.18243840600019,
              14.033462506000092
            ],
            [
              121.18239055600009,
              14.033423356000071
            ],
            [
              121.1823296560002,
              14.033432056000095
            ],
            [
              121.18219915600002,
              14.033432056000095
            ],
            [
              121.18213390600022,
              14.033419006000088
            ],
            [
              121.1820599560001,
              14.033414656000048
            ],
            [
              121.18202950600005,
              14.033371156000044
            ],
            [
              121.1819207560003,
              14.033349406000184
            ],
            [
              121.18176850600014,
              14.03340160600004
            ],
            [
              121.18166845600001,
              14.033475556000155
            ],
            [
              121.18156840600011,
              14.033519055999989
            ],
            [
              121.18149445600022,
              14.033545156000002
            ],
            [
              121.1813944060001,
              14.033532105999996
            ],
            [
              121.18132045600021,
              14.033553856000026
            ],
            [
              121.1812465060001,
              14.0336234560001
            ],
            [
              121.18112470600033,
              14.033593006000103
            ],
            [
              121.18104640600006,
              14.03362780600014
            ],
            [
              121.18092895600012,
              14.033732206000025
            ],
            [
              121.18083325600003,
              14.033723506000058
            ],
            [
              121.18075060600029,
              14.033701756000028
            ],
            [
              121.1806549060002,
              14.033732206000025
            ],
            [
              121.18054615500012,
              14.033793106000132
            ],
            [
              121.18046785500007,
              14.033871406000003
            ],
            [
              121.18037650500003,
              14.033923606000087
            ],
            [
              121.18030690500007,
              14.033967106000148
            ],
            [
              121.18028515500009,
              14.034028006000028
            ],
            [
              121.18030255500025,
              14.034080207000159
            ],
            [
              121.18037650500003,
              14.034119357000009
            ],
            [
              121.18039825500023,
              14.034175907000076
            ],
            [
              121.180411305,
              14.034241157000167
            ],
            [
              121.18038955500003,
              14.034315107000054
            ],
            [
              121.18037650500003,
              14.034463007000056
            ],
            [
              121.18034481700022,
              14.034763194999982
            ],
            [
              121.18029848800018,
              14.034837321999987
            ],
            [
              121.18030312000008,
              14.034911450000095
            ],
            [
              121.1803170190002,
              14.03494851400012
            ],
            [
              121.18036334900012,
              14.034971679000023
            ],
            [
              121.18036334900012,
              14.035064338000154
            ],
            [
              121.18036798200012,
              14.035119934000136
            ],
            [
              121.18043284400028,
              14.035161630000005
            ],
            [
              121.18044674300006,
              14.035203326999977
            ],
            [
              121.18042357800005,
              14.035254290000069
            ],
            [
              121.18042821100016,
              14.035328417000073
            ],
            [
              121.18046990700009,
              14.035384013000055
            ],
            [
              121.1804838060001,
              14.03547667200013
            ],
            [
              121.18043747700005,
              14.035527634999994
            ],
            [
              121.1804838060001,
              14.035620295000058
            ],
            [
              121.180516237,
              14.035661991000097
            ],
            [
              121.18040041300003,
              14.03579634700003
            ],
            [
              121.18043747700005,
              14.035916805000056
            ],
            [
              121.18040967900004,
              14.036041895000096
            ],
            [
              121.18037724800013,
              14.03614382000012
            ],
            [
              121.18042821100016,
              14.036208682000165
            ],
            [
              121.18044211000017,
              14.036296708000123
            ],
            [
              121.1803355510001,
              14.036454229000128
            ],
            [
              121.1803170190002,
              14.036556155000028
            ],
            [
              121.18033091800021,
              14.036630282000033
            ],
            [
              121.18030312000008,
              14.036690511000131
            ],
            [
              121.18026142400015,
              14.03676000500019
            ],
            [
              121.18026605700004,
              14.03686193100009
            ],
            [
              121.1803170190002,
              14.036936058000094
            ],
            [
              121.18036798200012,
              14.037028718000158
            ],
            [
              121.1803401840001,
              14.037116744000116
            ],
            [
              121.18032628500009,
              14.03719550500017
            ],
            [
              121.18023825900013,
              14.037283531000185
            ],
            [
              121.18023825900013,
              14.037399356000094
            ],
            [
              121.18017339700009,
              14.03751518000007
            ],
            [
              121.1800436740001,
              14.037626371000101
            ],
            [
              121.17996028100004,
              14.037700499000039
            ],
            [
              121.17997881200006,
              14.037783892000107
            ],
            [
              121.17999271100007,
              14.037862653000104
            ],
            [
              121.1798954190001,
              14.03793678000011
            ],
            [
              121.17981202600004,
              14.03803407300012
            ],
            [
              121.17978422800013,
              14.038149897000096
            ],
            [
              121.17978886100002,
              14.038247189000117
            ],
            [
              121.17984908900007,
              14.03827035400019
            ],
            [
              121.18000197700007,
              14.038409343000069
            ],
            [
              121.18010853600015,
              14.03847883800006
            ],
            [
              121.18009463700014,
              14.038664157000028
            ],
            [
              121.18005294000011,
              14.038733651000086
            ],
            [
              121.17999734400018,
              14.038770715000112
            ],
            [
              121.17998344500018,
              14.038886539000089
            ],
            [
              121.17997418000004,
              14.039020896000125
            ],
            [
              121.18001587600008,
              14.03916451800012
            ],
            [
              121.18001587600008,
              14.03926180999997
            ],
            [
              121.18007147200001,
              14.03932203900007
            ],
            [
              121.18015949800008,
              14.03941469800003
            ],
            [
              121.18023825900013,
              14.039530522000177
            ],
            [
              121.18031238600008,
              14.039637081000023
            ],
            [
              121.18037261500001,
              14.039706575000082
            ],
            [
              121.18036334900012,
              14.039817767000045
            ],
            [
              121.18036334900012,
              14.039993820000177
            ],
            [
              121.18042357800005,
              14.040091112000027
            ],
            [
              121.18041894500016,
              14.04025789900004
            ],
            [
              121.18046064200007,
              14.04037835600019
            ],
            [
              121.18044211000017,
              14.040568308000104
            ],
            [
              121.18038651400002,
              14.040758260000189
            ],
            [
              121.18035871600023,
              14.040920414000084
            ],
            [
              121.18030775300019,
              14.041114999000115
            ],
            [
              121.18026605700004,
              14.041388344000097
            ],
            [
              121.18021972700001,
              14.041508801000191
            ],
            [
              121.18018729600021,
              14.041601461000027
            ],
            [
              121.18015023200019,
              14.041712652000058
            ],
            [
              121.18015023200019,
              14.04184700799999
            ],
            [
              121.18013170100016,
              14.041948933000185
            ],
            [
              121.18008537100002,
              14.042023061000123
            ],
            [
              121.1800436740001,
              14.042083289999994
            ],
            [
              121.17992930300011,
              14.042185438000104
            ],
            [
              121.17990741100004,
              14.042262059000166
            ],
            [
              121.17984720900006,
              14.042333207000183
            ],
            [
              121.17973775000019,
              14.042344153000045
            ],
            [
              121.1796775470001,
              14.042360572000064
            ],
            [
              121.17965018300015,
              14.042568544000005
            ],
            [
              121.17969943900005,
              14.042678003000105
            ],
            [
              121.17974869600016,
              14.04279293400009
            ],
            [
              121.17975964200002,
              14.04290239300019
            ],
            [
              121.1796775470001,
              14.042995433000101
            ],
            [
              121.17960092600003,
              14.043022798000152
            ],
            [
              121.17956261600023,
              14.043170567000175
            ],
            [
              121.17947504900019,
              14.043389484999977
            ],
            [
              121.17940937300011,
              14.043674078000038
            ],
            [
              121.17943126500006,
              14.043827320000105
            ],
            [
              121.17952977800019,
              14.043914888000018
            ],
            [
              121.17960639900002,
              14.044046238000078
            ],
            [
              121.17963376400007,
              14.044183062000002
            ],
            [
              121.17965018300015,
              14.044287048000115
            ],
            [
              121.17968302000008,
              14.044369142000164
            ],
            [
              121.17979247900018,
              14.044484074000081
            ],
            [
              121.17989099200008,
              14.044599005000066
            ],
            [
              121.18008801800022,
              14.044713937000154
            ],
            [
              121.18017011200004,
              14.044790558000045
            ],
            [
              121.18023578800012,
              14.044916436000108
            ],
            [
              121.18026315200007,
              14.045075151000049
            ],
            [
              121.18020842300007,
              14.045255759000042
            ],
            [
              121.18014822100008,
              14.045512986999995
            ],
            [
              121.1801536930002,
              14.045710013000132
            ],
            [
              121.18018653100012,
              14.045934403000047
            ],
            [
              121.18025767900008,
              14.046082173000059
            ],
            [
              121.18028504400013,
              14.04630656400002
            ],
            [
              121.18031240900018,
              14.046487170999967
            ],
            [
              121.18019747700009,
              14.046875750000083
            ],
            [
              121.1801427480001,
              14.046979735000036
            ],
            [
              121.18008254500035,
              14.047116559000187
            ],
            [
              121.18000592400017,
              14.047258856000155
            ],
            [
              121.17983626300008,
              14.047532503000127
            ],
            [
              121.17969396600006,
              14.047674798999992
            ],
            [
              121.17958998000017,
              14.047729529000094
            ],
            [
              121.17948599400006,
              14.047729529000094
            ],
            [
              121.17926707700019,
              14.047800677000112
            ],
            [
              121.17917951000015,
              14.04778973100008
            ],
            [
              121.17904815900022,
              14.047866352000142
            ],
            [
              121.17894964600009,
              14.047915609000029
            ],
            [
              121.17875262000018,
              14.047986757000047
            ],
            [
              121.17865410700028,
              14.048057905000064
            ],
            [
              121.17852822900022,
              14.048161891000177
            ],
            [
              121.17836404100012,
              14.048243985000056
            ],
            [
              121.17822721800007,
              14.04825493100003
            ],
            [
              121.17804113800014,
              14.04825493100003
            ],
            [
              121.17793715200003,
              14.04825493100003
            ]
          ]
        ]
      }
    },
    {
      "type": "Feature",
      "id": "PH0401017002",
      "properties": {
        "adm4_name": "Bilucao (San Isidro Western)",
        "adm4_name1": null,
        "adm4_name2": null,
        "adm4_name3": null,
        "adm4_pcode": "PH0401017002",
        "adm3_name": "Malvar",
        "adm3_name1": null,
        "adm3_name2": null,
        "adm3_name3": null,
        "adm3_pcode": "PH0401017",
        "adm2_name": "Batangas",
        "adm2_name1": null,
        "adm2_name2": null,
        "adm2_name3": null,
        "adm2_pcode": "PH04010",
        "adm1_name": "Region IV-A (Calabarzon)",
        "adm1_name1": null,
        "adm1_name2": null,
        "adm1_name3": null,
        "adm1_pcode": "PH04",
        "adm0_name": "Philippines",
        "adm0_name1": null,
        "adm0_name2": null,
        "adm0_name3": null,
        "adm0_pcode": "PH",
        "valid_on": "20250213",
        "valid_to": "00000000",
        "area_sqkm": 2.43719561,
        "version": "v03",
        "lang": "en",
        "lang1": null,
        "lang2": null,
        "lang3": null,
        "adm4_ref_n": "Bilucao (San Isidro Western)",
        "center_lat": 14.03486056,
        "center_lon": 121.11133515,
        "distync_code": "BILUCAO"
      },
      "geometry": {
        "type": "Polygon",
        "coordinates": [
          [
            [
              121.11627023700021,
              14.04275306400018
            ],
            [
              121.1159625470001,
              14.042976215000067
            ],
            [
              121.11477154400006,
              14.042425258000094
            ],
            [
              121.11347454400004,
              14.042447264000089
            ],
            [
              121.1128645450001,
              14.042504264000058
            ],
            [
              121.11194154700013,
              14.042716256000176
            ],
            [
              121.11069054700022,
              14.042693265000139
            ],
            [
              121.109423547,
              14.04253028200003
            ],
            [
              121.10850854500018,
              14.042238307000162
            ],
            [
              121.10764654300021,
              14.041853337000077
            ],
            [
              121.10682254300025,
              14.041700351000031
            ],
            [
              121.10518154800013,
              14.042473311000037
            ],
            [
              121.10512082800005,
              14.042463857000143
            ],
            [
              121.1049259790002,
              14.042420839000158
            ],
            [
              121.10477414800016,
              14.042423369000176
            ],
            [
              121.10448567000003,
              14.04243602200006
            ],
            [
              121.10435661300016,
              14.042443613000103
            ],
            [
              121.10424021000006,
              14.042420839000158
            ],
            [
              121.1041541730001,
              14.042349984000055
            ],
            [
              121.10408078800015,
              14.042261417000077
            ],
            [
              121.10405548300014,
              14.042142482000145
            ],
            [
              121.10403889000008,
              14.042068656000026
            ],
            [
              121.10391701000015,
              14.041946774999985
            ],
            [
              121.10380990200008,
              14.041883636000023
            ],
            [
              121.1037581380001,
              14.041838084000176
            ],
            [
              121.10370637400013,
              14.041831871999989
            ],
            [
              121.10367324800018,
              14.041847747000133
            ],
            [
              121.10364425700004,
              14.041891917999976
            ],
            [
              121.10359870500031,
              14.04194989399997
            ],
            [
              121.10356350500024,
              14.041980953000177
            ],
            [
              121.10352209400014,
              14.042049281000118
            ],
            [
              121.10352266000018,
              14.042085318000034
            ],
            [
              121.10354281000002,
              14.042109786000083
            ],
            [
              121.10355576400002,
              14.04216591800008
            ],
            [
              121.1035533600002,
              14.042204348000098
            ],
            [
              121.10352748900016,
              14.042302084000028
            ],
            [
              121.10348724500011,
              14.042414193000127
            ],
            [
              121.10339525800009,
              14.042491806000044
            ],
            [
              121.10328889900006,
              14.042534924999984
            ],
            [
              121.10316816600016,
              14.042546423000033
            ],
            [
              121.10309055200014,
              14.042537800000161
            ],
            [
              121.10302443700004,
              14.042491806000044
            ],
            [
              121.10296982000011,
              14.042442938000136
            ],
            [
              121.10288645700018,
              14.042394071000047
            ],
            [
              121.1027772230002,
              14.042339453000181
            ],
            [
              121.10267373800025,
              14.042290585000046
            ],
            [
              121.10259324900005,
              14.042281962000118
            ],
            [
              121.10253000800026,
              14.042313582000077
            ],
            [
              121.10249279800007,
              14.042334057000062
            ],
            [
              121.10242586900006,
              14.042371044000049
            ],
            [
              121.10237463200019,
              14.042394306000176
            ],
            [
              121.1023812230003,
              14.042457581000178
            ],
            [
              121.10239240400006,
              14.04250138100008
            ],
            [
              121.10232723600018,
              14.042566549000128
            ],
            [
              121.1022849650002,
              14.042575355000167
            ],
            [
              121.10224621600003,
              14.042614104000052
            ],
            [
              121.10225502300034,
              14.042651091000039
            ],
            [
              121.10228848800023,
              14.042696885000055
            ],
            [
              121.10229377100018,
              14.042725066000173
            ],
            [
              121.10227263600007,
              14.042744440000035
            ],
            [
              121.10222860300007,
              14.04275676900005
            ],
            [
              121.10217400300007,
              14.042763814000182
            ],
            [
              121.10212820900017,
              14.042763814000182
            ],
            [
              121.1020753700003,
              14.042772621000097
            ],
            [
              121.10201724700005,
              14.04279904000009
            ],
            [
              121.10199787300007,
              14.042855402000157
            ],
            [
              121.10201091600015,
              14.042886721000173
            ],
            [
              121.1019027860001,
              14.04289919700011
            ],
            [
              121.10179881400018,
              14.042928309000047
            ],
            [
              121.10169484300002,
              14.042928309000047
            ],
            [
              121.10160750700004,
              14.042865926000104
            ],
            [
              121.1015576010002,
              14.042782749000082
            ],
            [
              121.10152017100029,
              14.042670460000124
            ],
            [
              121.10144947000003,
              14.042583123999975
            ],
            [
              121.10132054600001,
              14.04252490000016
            ],
            [
              121.10119993900025,
              14.042483311000183
            ],
            [
              121.1011209200002,
              14.042412610999975
            ],
            [
              121.1011209200002,
              14.042341910000118
            ],
            [
              121.10119578000001,
              14.042283686000076
            ],
            [
              121.10128727500023,
              14.042225462000033
            ],
            [
              121.10141204100023,
              14.04212980800014
            ],
            [
              121.1014661060002,
              14.042021678000083
            ],
            [
              121.10152017100029,
              14.041847006000182
            ],
            [
              121.10157839500016,
              14.041709764000188
            ],
            [
              121.1016199830002,
              14.04159331600016
            ],
            [
              121.10165325400021,
              14.041414485000189
            ],
            [
              121.10165741300011,
              14.04129387800009
            ],
            [
              121.10157007700002,
              14.04120238300004
            ],
            [
              121.10149521800008,
              14.041127523000057
            ],
            [
              121.1014661060002,
              14.04103187000004
            ],
            [
              121.10149105900018,
              14.040973646000054
            ],
            [
              121.10144531100013,
              14.04089878600007
            ],
            [
              121.10136213400006,
              14.040786497000113
            ],
            [
              121.10126232200003,
              14.040715796000029
            ],
            [
              121.1011250790001,
              14.040690842999993
            ],
            [
              121.10104190200002,
              14.040690842999993
            ],
            [
              121.10093793100009,
              14.040707479000162
            ],
            [
              121.10082980000027,
              14.040707479000162
            ],
            [
              121.1007840530001,
              14.040649255000119
            ],
            [
              121.10070087600013,
              14.040586872000006
            ],
            [
              121.10062185700008,
              14.040482900000143
            ],
            [
              121.10061769900005,
              14.040366452000058
            ],
            [
              121.10066344600023,
              14.0402541630001
            ],
            [
              121.10077573500018,
              14.040116921000106
            ],
            [
              121.1008464360001,
              14.040042061000122
            ],
            [
              121.1008464360001,
              14.039929771999994
            ],
            [
              121.10082980000027,
              14.039805006000165
            ],
            [
              121.10080900600019,
              14.039651129000106
            ],
            [
              121.10074662300008,
              14.039559634000113
            ],
            [
              121.10066344600023,
              14.039509727000166
            ],
            [
              121.10054699800014,
              14.039509727000166
            ],
            [
              121.10048045600001,
              14.039497251
            ],
            [
              121.10036816700006,
              14.039443186000085
            ],
            [
              121.10021844800019,
              14.039355850000106
            ],
            [
              121.1009227420002,
              14.038793388000101
            ],
            [
              121.10165924500006,
              14.038434119000158
            ],
            [
              121.10230607400001,
              14.038087459000053
            ],
            [
              121.10309827600008,
              14.037704136000059
            ],
            [
              121.10372590200006,
              14.037294724000105
            ],
            [
              121.104346727,
              14.036936837000098
            ],
            [
              121.10436133400026,
              14.034497359000056
            ],
            [
              121.10417158100029,
              14.033845347000067
            ],
            [
              121.10409491600012,
              14.033104256000115
            ],
            [
              121.10419713600004,
              14.031213193999974
            ],
            [
              121.10429935600007,
              14.030242108000095
            ],
            [
              121.10440157500011,
              14.029756565000184
            ],
            [
              121.1046474640001,
              14.028696202000106
            ],
            [
              121.10515145900001,
              14.028063240000108
            ],
            [
              121.10584545600011,
              14.027550269000074
            ],
            [
              121.1065324540001,
              14.027267283000072
            ],
            [
              121.10747488900006,
              14.027013306000129
            ],
            [
              121.10764179800026,
              14.027159352000126
            ],
            [
              121.10780870800022,
              14.027208034000068
            ],
            [
              121.108114709,
              14.027228898000033
            ],
            [
              121.10846243800017,
              14.027256716000181
            ],
            [
              121.10879625800021,
              14.027319307000141
            ],
            [
              121.10917180500007,
              14.027402762000008
            ],
            [
              121.10950562400012,
              14.027520990000028
            ],
            [
              121.10973512500004,
              14.027673990000096
            ],
            [
              121.10990898900002,
              14.027806127000076
            ],
            [
              121.11006894500008,
              14.027854809000019
            ],
            [
              121.11024976400006,
              14.027799173000062
            ],
            [
              121.11054881000007,
              14.027667036000025
            ],
            [
              121.110889584,
              14.027590535000002
            ],
            [
              121.11121644900004,
              14.0276322630001
            ],
            [
              121.11160590500003,
              14.027701809000177
            ],
            [
              121.11175195100009,
              14.027771354000151
            ],
            [
              121.11190495200003,
              14.027785263000112
            ],
            [
              121.1120579530002,
              14.027903491000131
            ],
            [
              121.11214140800007,
              14.02807735600004
            ],
            [
              121.1122387720003,
              14.028258174000086
            ],
            [
              121.11240568100004,
              14.028348584000128
            ],
            [
              121.11259345500025,
              14.028362493000088
            ],
            [
              121.11280904700016,
              14.028418130000034
            ],
            [
              121.11289945600004,
              14.028543312000068
            ],
            [
              121.11296204700022,
              14.028744995000125
            ],
            [
              121.11302463800018,
              14.02898145000006
            ],
            [
              121.11303854800008,
              14.029134451000061
            ],
            [
              121.11303854800008,
              14.02935699700015
            ],
            [
              121.11307332000013,
              14.02961431600005
            ],
            [
              121.11311504800017,
              14.029774272000111
            ],
            [
              121.11322632100007,
              14.02989945400003
            ],
            [
              121.11342800400007,
              14.029982909000069
            ],
            [
              121.1136435960002,
              14.030024636000064
            ],
            [
              121.11383832400031,
              14.030024636000064
            ],
            [
              121.11412346100019,
              14.029982909000069
            ],
            [
              121.11438773500004,
              14.030010727000047
            ],
            [
              121.11460332700028,
              14.030017681999993
            ],
            [
              121.11481196400007,
              14.030010727000047
            ],
            [
              121.1150206010002,
              14.030010727000047
            ],
            [
              121.11520142000029,
              14.030087227000024
            ],
            [
              121.11536137500013,
              14.030226319000121
            ],
            [
              121.11556305800002,
              14.030386274000136
            ],
            [
              121.11577865000027,
              14.030532320000134
            ],
            [
              121.1160220600002,
              14.030546229000151
            ],
            [
              121.11616115100003,
              14.030518411000173
            ],
            [
              121.11629328800007,
              14.030594911000094
            ],
            [
              121.1164254250001,
              14.03060186600004
            ],
            [
              121.1166137470002,
              14.030660953000051
            ],
            [
              121.11672853200002,
              14.030640990000052
            ],
            [
              121.11692316800008,
              14.030601065000042
            ],
            [
              121.11707787800015,
              14.030536186999996
            ],
            [
              121.11720763500011,
              14.030411420000064
            ],
            [
              121.11736234600005,
              14.030311607000101
            ],
            [
              121.11754200900009,
              14.03021678500005
            ],
            [
              121.11773664500004,
              14.030181850000076
            ],
            [
              121.11790526600021,
              14.030224963000023
            ],
            [
              121.11794625200002,
              14.030371495000054
            ],
            [
              121.11803608400021,
              14.0304363730001
            ],
            [
              121.11810096200009,
              14.030616037000073
            ],
            [
              121.11815086900003,
              14.030775738000045
            ],
            [
              121.11796335100007,
              14.032610533000081
            ],
            [
              121.11814609400005,
              14.03328668100005
            ],
            [
              121.11820091600032,
              14.034419684999989
            ],
            [
              121.1184019330002,
              14.035223751999979
            ],
            [
              121.1186212240001,
              14.035899899000071
            ],
            [
              121.11852985300027,
              14.03679533799999
            ],
            [
              121.1184384820001,
              14.03752630800011
            ],
            [
              121.11829228800002,
              14.037891793000028
            ],
            [
              121.1180181740001,
              14.03847657
            ],
            [
              121.1177091960003,
              14.038825339000027
            ],
            [
              121.11760964500002,
              14.039123991000054
            ],
            [
              121.11763679500007,
              14.039413593000006
            ],
            [
              121.11773634600024,
              14.039820846000055
            ],
            [
              121.11776349600018,
              14.040182847999972
            ],
            [
              121.1176639460001,
              14.040725851000047
            ],
            [
              121.11741959400001,
              14.041178354000124
            ],
            [
              121.11708618700004,
              14.041583193000122
            ],
            [
              121.11695804100009,
              14.041839008000068
            ],
            [
              121.11672274000023,
              14.042038110000021
            ],
            [
              121.11637883700007,
              14.042445362000137
            ],
            [
              121.11627023700021,
              14.04275306400018
            ]
          ]
        ]
      }
    },
    {
      "type": "Feature",
      "id": "PH0401017003",
      "properties": {
        "adm4_name": "Bulihan",
        "adm4_name1": null,
        "adm4_name2": null,
        "adm4_name3": null,
        "adm4_pcode": "PH0401017003",
        "adm3_name": "Malvar",
        "adm3_name1": null,
        "adm3_name2": null,
        "adm3_name3": null,
        "adm3_pcode": "PH0401017",
        "adm2_name": "Batangas",
        "adm2_name1": null,
        "adm2_name2": null,
        "adm2_name3": null,
        "adm2_pcode": "PH04010",
        "adm1_name": "Region IV-A (Calabarzon)",
        "adm1_name1": null,
        "adm1_name2": null,
        "adm1_name3": null,
        "adm1_pcode": "PH04",
        "adm0_name": "Philippines",
        "adm0_name1": null,
        "adm0_name2": null,
        "adm0_name3": null,
        "adm0_pcode": "PH",
        "valid_on": "20250213",
        "valid_to": "00000000",
        "area_sqkm": 3.65122333,
        "version": "v03",
        "lang": "en",
        "lang1": null,
        "lang2": null,
        "lang3": null,
        "adm4_ref_n": "Bulihan",
        "center_lat": 14.03802106,
        "center_lon": 121.13997962,
        "distync_code": "BULIHAN"
      },
      "geometry": {
        "type": "Polygon",
        "coordinates": [
          [
            [
              121.14712917300017,
              14.044903731000034
            ],
            [
              121.14724256500006,
              14.048322687000166
            ],
            [
              121.1460530720002,
              14.047778405000031
            ],
            [
              121.14191406300006,
              14.04588449900001
            ],
            [
              121.1415380420002,
              14.045712442000081
            ],
            [
              121.13975054700018,
              14.044895952000047
            ],
            [
              121.13585953900008,
              14.043214083000066
            ],
            [
              121.13511954100011,
              14.043430072999968
            ],
            [
              121.13485254400018,
              14.04393004300016
            ],
            [
              121.13408154700005,
              14.044329022
            ],
            [
              121.1330365450001,
              14.043919054000014
            ],
            [
              121.13164054600031,
              14.04405305400013
            ],
            [
              121.1304275440001,
              14.043640087000142
            ],
            [
              121.13060817100006,
              14.04327360100018
            ],
            [
              121.13057160300025,
              14.042725075000078
            ],
            [
              121.13052284500009,
              14.042347201000098
            ],
            [
              121.1303156240001,
              14.041847433000157
            ],
            [
              121.13079025100001,
              14.041481510000153
            ],
            [
              121.13124676400002,
              14.040979347000075
            ],
            [
              121.13158914800033,
              14.04024892700005
            ],
            [
              121.13142999700005,
              14.039607072000138
            ],
            [
              121.13155339700018,
              14.039154605000078
            ],
            [
              121.1315412150002,
              14.03873099000009
            ],
            [
              121.13153283000008,
              14.038475906000144
            ],
            [
              121.13130659700016,
              14.037653239000008
            ],
            [
              121.13068959700024,
              14.036522073000071
            ],
            [
              121.13015486400013,
              14.036049038999977
            ],
            [
              121.12951729800011,
              14.035452606000092
            ],
            [
              121.12877689800018,
              14.034506540000166
            ],
            [
              121.12826273100018,
              14.033951240000079
            ],
            [
              121.12770743100009,
              14.033560473000136
            ],
            [
              121.12638764400003,
              14.033678122000026
            ],
            [
              121.12392299100009,
              14.03366265600016
            ],
            [
              121.12184407700022,
              14.032473668000023
            ],
            [
              121.12074460200029,
              14.031177370000023
            ],
            [
              121.12108147000026,
              14.030962958999964
            ],
            [
              121.12138669700005,
              14.030805202000181
            ],
            [
              121.12159498800008,
              14.030741971000168
            ],
            [
              121.12202272800016,
              14.03083123800019
            ],
            [
              121.12263272200005,
              14.030686178999986
            ],
            [
              121.12300966200007,
              14.030489762000173
            ],
            [
              121.12349503300004,
              14.030287525000062
            ],
            [
              121.12368905400001,
              14.030299353000146
            ],
            [
              121.12387502800016,
              14.030396059000168
            ],
            [
              121.12404781500015,
              14.030462797000155
            ],
            [
              121.12422837800023,
              14.030455571000118
            ],
            [
              121.12435588900007,
              14.030409938000162
            ],
            [
              121.12460404500018,
              14.030332828000155
            ],
            [
              121.12492764000001,
              14.030258439000136
            ],
            [
              121.1250216310001,
              14.030265343000167
            ],
            [
              121.12518799000009,
              14.030331887000159
            ],
            [
              121.12535561800007,
              14.030449315000112
            ],
            [
              121.12561178500005,
              14.03078637700014
            ],
            [
              121.12570129100015,
              14.030842397000129
            ],
            [
              121.12583124500009,
              14.030853146000027
            ],
            [
              121.12629705100005,
              14.030753330000152
            ],
            [
              121.12673083300012,
              14.030624587000034
            ],
            [
              121.12717320900026,
              14.030476065000187
            ],
            [
              121.12751639600015,
              14.03050392400013
            ],
            [
              121.12782291600013,
              14.030543692000037
            ],
            [
              121.12781714800019,
              14.030548397000132
            ],
            [
              121.12796372400021,
              14.030810141000131
            ],
            [
              121.12804224700005,
              14.030941012000028
            ],
            [
              121.12814498800014,
              14.031035810000049
            ],
            [
              121.12825687700001,
              14.031077119000031
            ],
            [
              121.12836815700018,
              14.031054407000113
            ],
            [
              121.12843486200029,
              14.031024770000045
            ],
            [
              121.12864949100003,
              14.030810141000131
            ],
            [
              121.12889553000002,
              14.030700209000088
            ],
            [
              121.12924626600011,
              14.030679269000132
            ],
            [
              121.12961270600022,
              14.030653095000105
            ],
            [
              121.12981163100005,
              14.030721148000111
            ],
            [
              121.13004196500015,
              14.030768262000151
            ],
            [
              121.13015189700002,
              14.030804906000128
            ],
            [
              121.13029847300004,
              14.030925308000178
            ],
            [
              121.13052880700013,
              14.031024770000045
            ],
            [
              121.13074343600022,
              14.031066649000024
            ],
            [
              121.13079558600009,
              14.031018824000057
            ],
            [
              121.13089108300005,
              14.030983639999988
            ],
            [
              121.13103181600002,
              14.03102385000011
            ],
            [
              121.1311826010002,
              14.031089190000046
            ],
            [
              121.13127307200011,
              14.031129399000065
            ],
            [
              121.13138364800022,
              14.031129399000065
            ],
            [
              121.13157464200003,
              14.031159555999977
            ],
            [
              121.1316902440002,
              14.031099242000153
            ],
            [
              121.13185108200003,
              14.031018824000057
            ],
            [
              121.13205352700015,
              14.030894663000026
            ],
            [
              121.13224518200025,
              14.030765504000101
            ],
            [
              121.13244933600026,
              14.030669677000049
            ],
            [
              121.13246923400015,
              14.03056677800015
            ],
            [
              121.13241502400012,
              14.030436674000043
            ],
            [
              121.13256681200005,
              14.030263202000071
            ],
            [
              121.13298422800017,
              14.030100572000151
            ],
            [
              121.13320648900014,
              14.030019257000049
            ],
            [
              121.13345043400011,
              14.029878311000118
            ],
            [
              121.13360764300012,
              14.029710260000172
            ],
            [
              121.13385700800006,
              14.02935247500011
            ],
            [
              121.13404674300023,
              14.028967583999986
            ],
            [
              121.13412263700025,
              14.028658587000109
            ],
            [
              121.13423647800016,
              14.028327907000119
            ],
            [
              121.1343665820001,
              14.028295381000078
            ],
            [
              121.13451294900005,
              14.028268276000063
            ],
            [
              121.13455089600006,
              14.028181540000162
            ],
            [
              121.1345834220001,
              14.028035173000035
            ],
            [
              121.13475689400002,
              14.027997226000025
            ],
            [
              121.1349032610002,
              14.02797554200015
            ],
            [
              121.13510925800006,
              14.027926753000145
            ],
            [
              121.13528003800002,
              14.027960343000075
            ],
            [
              121.13538726100012,
              14.028087061000065
            ],
            [
              121.13556759100004,
              14.028272264000009
            ],
            [
              121.1357722890001,
              14.028423351000185
            ],
            [
              121.13597211400008,
              14.02854032199997
            ],
            [
              121.13626941500024,
              14.028662166000117
            ],
            [
              121.13650335600016,
              14.02876451600008
            ],
            [
              121.13673242300001,
              14.028827875000047
            ],
            [
              121.13697611200018,
              14.028905855000119
            ],
            [
              121.13708333500006,
              14.029013078000048
            ],
            [
              121.13724904400021,
              14.029212903000143
            ],
            [
              121.13753659600002,
              14.029636922000122
            ],
            [
              121.1376097030003,
              14.029788009000129
            ],
            [
              121.13763894600015,
              14.029953717000126
            ],
            [
              121.13773642100011,
              14.030060940000055
            ],
            [
              121.13791187700008,
              14.03013404700016
            ],
            [
              121.13814094500003,
              14.030216901000074
            ],
            [
              121.13844799300023,
              14.0304118520001
            ],
            [
              121.13861857500012,
              14.030582434000053
            ],
            [
              121.13884276800013,
              14.030855366000026
            ],
            [
              121.13896948700005,
              14.031118550000144
            ],
            [
              121.13902797200001,
              14.031318373999966
            ],
            [
              121.13907638800003,
              14.03153006000008
            ],
            [
              121.13918429100022,
              14.031706629000041
            ],
            [
              121.13929546400004,
              14.031830881000019
            ],
            [
              121.13936086000001,
              14.0318962770001
            ],
            [
              121.13950146100001,
              14.031951864000177
            ],
            [
              121.1396813,
              14.031971482000017
            ],
            [
              121.13989056700018,
              14.031932245000064
            ],
            [
              121.14000174000023,
              14.0318962770001
            ],
            [
              121.14010964300019,
              14.031853770000055
            ],
            [
              121.14022735600008,
              14.031827611000097
            ],
            [
              121.14028294200023,
              14.031765485000108
            ],
            [
              121.14033525900004,
              14.031680471000186
            ],
            [
              121.14050201900011,
              14.031628154000032
            ],
            [
              121.14069166700006,
              14.03164123300013
            ],
            [
              121.14075706200003,
              14.031683741000109
            ],
            [
              121.14079957000001,
              14.031716438000046
            ],
            [
              121.14087477500004,
              14.031716438000046
            ],
            [
              121.14098921800007,
              14.031745867000097
            ],
            [
              121.1410840420001,
              14.031791644000066
            ],
            [
              121.14111020000007,
              14.031889738000189
            ],
            [
              121.14116905700007,
              14.031955132999997
            ],
            [
              121.14135870500002,
              14.032108814000026
            ],
            [
              121.14148295700011,
              14.032134972000051
            ],
            [
              121.1415843200001,
              14.032138242000144
            ],
            [
              121.14174127100023,
              14.032134972000051
            ],
            [
              121.14191130000017,
              14.03208592500016
            ],
            [
              121.14202901200008,
              14.031984562000048
            ],
            [
              121.14211729700003,
              14.031902817000116
            ],
            [
              121.14224154900023,
              14.031853770000055
            ],
            [
              121.14229386600005,
              14.031811262000076
            ],
            [
              121.14238215000023,
              14.031762216000118
            ],
            [
              121.14241484800004,
              14.03165758199998
            ],
            [
              121.14250313300022,
              14.031566028000043
            ],
            [
              121.14265681300014,
              14.031507172000147
            ],
            [
              121.14286281000022,
              14.031461395000179
            ],
            [
              121.14308842600019,
              14.031415617000107
            ],
            [
              121.14335981900001,
              14.031366570000046
            ],
            [
              121.1435854340001,
              14.031366570000046
            ],
            [
              121.14379470100027,
              14.031376379999983
            ],
            [
              121.14384873500012,
              14.031335467000076
            ],
            [
              121.14391810200027,
              14.03129211200013
            ],
            [
              121.14400768900009,
              14.031299368000191
            ],
            [
              121.14418522300025,
              14.031389611999998
            ],
            [
              121.14431462300013,
              14.031450268000071
            ],
            [
              121.14443189100007,
              14.03145431200005
            ],
            [
              121.14468239600012,
              14.031446718000154
            ],
            [
              121.1449616220001,
              14.031328956000152
            ],
            [
              121.14513145900003,
              14.031219775000068
            ],
            [
              121.14536485700012,
              14.031004669000083
            ],
            [
              121.14554322800007,
              14.030702215000076
            ],
            [
              121.14559649000023,
              14.03053638200015
            ],
            [
              121.14566523400003,
              14.030447419000154
            ],
            [
              121.14570162700011,
              14.030370588000096
            ],
            [
              121.14569758400012,
              14.030233100999965
            ],
            [
              121.14572993400009,
              14.030127962999984
            ],
            [
              121.14588764000018,
              14.029857033000155
            ],
            [
              121.14589977100002,
              14.02969528300008
            ],
            [
              121.14591190200008,
              14.029573970000058
            ],
            [
              121.14599682100004,
              14.029476920000036
            ],
            [
              121.14605343300013,
              14.029343477000111
            ],
            [
              121.14605747700011,
              14.029205989000104
            ],
            [
              121.14605747700011,
              14.029044240000133
            ],
            [
              121.14604938900015,
              14.028842052000073
            ],
            [
              121.14597255800004,
              14.028736915000025
            ],
            [
              121.14591999000004,
              14.028684346000034
            ],
            [
              121.14576632700016,
              14.028563034000115
            ],
            [
              121.14560862100006,
              14.028470028000015
            ],
            [
              121.14553833100013,
              14.028461904999972
            ],
            [
              121.14547257500021,
              14.02840390900019
            ],
            [
              121.14543087900029,
              14.028362213000094
            ],
            [
              121.14534401100002,
              14.028344839000056
            ],
            [
              121.14523976900011,
              14.028344839000056
            ],
            [
              121.14510078000012,
              14.028303142000084
            ],
            [
              121.14494441700003,
              14.028268395000168
            ],
            [
              121.14480542800015,
              14.028233648000025
            ],
            [
              121.14474288300005,
              14.0281398300001
            ],
            [
              121.14471856000011,
              14.02804601300005
            ],
            [
              121.14473245900024,
              14.027941771000144
            ],
            [
              121.14474635800002,
              14.027844479000066
            ],
            [
              121.14478458000019,
              14.027715914000169
            ],
            [
              121.14484712500018,
              14.027622096000073
            ],
            [
              121.14496996900004,
              14.027588793000064
            ],
            [
              121.14508807200014,
              14.02753177700015
            ],
            [
              121.14521839200006,
              14.027389240000161
            ],
            [
              121.15172844400013,
              14.029106899000055
            ],
            [
              121.15062192900007,
              14.031966231000013
            ],
            [
              121.1498140650001,
              14.0340538210001
            ],
            [
              121.1490784780002,
              14.036039906000042
            ],
            [
              121.14845364900009,
              14.03838888200005
            ],
            [
              121.14812221500006,
              14.039754621000156
            ],
            [
              121.14720273100022,
              14.042770528000062
            ],
            [
              121.14714763400013,
              14.04436834500018
            ],
            [
              121.14712917300017,
              14.044903731000034
            ]
          ]
        ]
      }
    },
    {
      "type": "Feature",
      "id": "PH0401017005",
      "properties": {
        "adm4_name": "Luta del Norte",
        "adm4_name1": null,
        "adm4_name2": null,
        "adm4_name3": null,
        "adm4_pcode": "PH0401017005",
        "adm3_name": "Malvar",
        "adm3_name1": null,
        "adm3_name2": null,
        "adm3_name3": null,
        "adm3_pcode": "PH0401017",
        "adm2_name": "Batangas",
        "adm2_name1": null,
        "adm2_name2": null,
        "adm2_name3": null,
        "adm2_pcode": "PH04010",
        "adm1_name": "Region IV-A (Calabarzon)",
        "adm1_name1": null,
        "adm1_name2": null,
        "adm1_name3": null,
        "adm1_pcode": "PH04",
        "adm0_name": "Philippines",
        "adm0_name1": null,
        "adm0_name2": null,
        "adm0_name3": null,
        "adm0_pcode": "PH",
        "valid_on": "20250213",
        "valid_to": "00000000",
        "area_sqkm": 0.80517872,
        "version": "v03",
        "lang": "en",
        "lang1": null,
        "lang2": null,
        "lang3": null,
        "adm4_ref_n": "Luta del Norte",
        "center_lat": 14.03895148,
        "center_lon": 121.15800278,
        "distync_code": "LUTA_DEL_NORTE"
      },
      "geometry": {
        "type": "Polygon",
        "coordinates": [
          [
            [
              121.16696961700006,
              14.043272210000168
            ],
            [
              121.1669535860002,
              14.04331549300008
            ],
            [
              121.16005716400002,
              14.041793924000046
            ],
            [
              121.15920404400026,
              14.04146249900009
            ],
            [
              121.15840883600004,
              14.041121448000183
            ],
            [
              121.15787830700026,
              14.04087156200012
            ],
            [
              121.15703141200026,
              14.04054652800005
            ],
            [
              121.15608930600013,
              14.040081979999968
            ],
            [
              121.15587840900002,
              14.039996990000077
            ],
            [
              121.15353045900008,
              14.039226518000078
            ],
            [
              121.15225557500014,
              14.038254150000114
            ],
            [
              121.15028923000023,
              14.037195348000068
            ],
            [
              121.1490784780002,
              14.036039906000042
            ],
            [
              121.1498140650001,
              14.0340538210001
            ],
            [
              121.15503248500022,
              14.035924440000088
            ],
            [
              121.15867949100016,
              14.037257333000127
            ],
            [
              121.16019085800008,
              14.03769642900005
            ],
            [
              121.16113899400011,
              14.037964042000056
            ],
            [
              121.16142395300005,
              14.038338050000107
            ],
            [
              121.16186920000018,
              14.038676438000039
            ],
            [
              121.16782542100009,
              14.04037140000014
            ],
            [
              121.16791183300018,
              14.04039732400014
            ],
            [
              121.16805873400017,
              14.040362759000061
            ],
            [
              121.16815378700016,
              14.040289309000173
            ],
            [
              121.16823587900001,
              14.04022017900013
            ],
            [
              121.1683698170001,
              14.0401337670001
            ],
            [
              121.16847783200001,
              14.040138087999992
            ],
            [
              121.1686160920001,
              14.040168332000007
            ],
            [
              121.16878027400003,
              14.040207218000035
            ],
            [
              121.16895309800009,
              14.040272027000185
            ],
            [
              121.16916912900012,
              14.04032387400008
            ],
            [
              121.16936787600014,
              14.040405965000048
            ],
            [
              121.16952341800004,
              14.040466454000182
            ],
            [
              121.16966599800014,
              14.040570148000029
            ],
            [
              121.1697912950001,
              14.040682484000115
            ],
            [
              121.16996411900016,
              14.040760255000066
            ],
            [
              121.17009821400018,
              14.040864005000117
            ],
            [
              121.16992206400016,
              14.040953954000031
            ],
            [
              121.16966679000018,
              14.041089920000047
            ],
            [
              121.16947484200011,
              14.04119074100015
            ],
            [
              121.16932167200002,
              14.041314828000054
            ],
            [
              121.16923248400008,
              14.04139238300013
            ],
            [
              121.16917238000008,
              14.04147187600006
            ],
            [
              121.16910064200022,
              14.041543614000147
            ],
            [
              121.16899400400007,
              14.041584330000148
            ],
            [
              121.16890869500003,
              14.041607596999995
            ],
            [
              121.1688311400003,
              14.04161729100008
            ],
            [
              121.1687051140002,
              14.041689029000167
            ],
            [
              121.16863725400003,
              14.041727806000097
            ],
            [
              121.1685810270003,
              14.041747195000028
            ],
            [
              121.16850735000003,
              14.04175301100014
            ],
            [
              121.16845887900001,
              14.041743317000055
            ],
            [
              121.16841816300018,
              14.04169678400018
            ],
            [
              121.16835418000005,
              14.041669640000066
            ],
            [
              121.16826305400002,
              14.041673518000039
            ],
            [
              121.16814478300012,
              14.041745256000127
            ],
            [
              121.16805947300031,
              14.041803422000157
            ],
            [
              121.16799743000024,
              14.041848015000028
            ],
            [
              121.16795089700008,
              14.041898425999989
            ],
            [
              121.16793344700022,
              14.041923631000031
            ],
            [
              121.16790630300011,
              14.041933325000116
            ],
            [
              121.16787140400015,
              14.041931387000147
            ],
            [
              121.16783068700022,
              14.041931387000147
            ],
            [
              121.16781323800012,
              14.041943020000133
            ],
            [
              121.16781261200003,
              14.041958140000133
            ],
            [
              121.16781711500016,
              14.041975980000188
            ],
            [
              121.16783111800021,
              14.04199789200004
            ],
            [
              121.16784002800023,
              14.042010229000084
            ],
            [
              121.16783865700017,
              14.042024622000156
            ],
            [
              121.16782700500005,
              14.04203901500017
            ],
            [
              121.16781466900011,
              14.042055464000043
            ],
            [
              121.16780987100026,
              14.04207397000016
            ],
            [
              121.16782426400016,
              14.042096587000117
            ],
            [
              121.16781603900006,
              14.042115778000039
            ],
            [
              121.16779890500004,
              14.042128115000082
            ],
            [
              121.1677886240002,
              14.04213496900013
            ],
            [
              121.16778040000008,
              14.042140452000126
            ],
            [
              121.16778924000005,
              14.042152639000165
            ],
            [
              121.16778924000005,
              14.042207417999975
            ],
            [
              121.16778775900002,
              14.042244431000142
            ],
            [
              121.16778331800015,
              14.042296249000117
            ],
            [
              121.16775074600025,
              14.042395444000078
            ],
            [
              121.16771373300014,
              14.042473911999991
            ],
            [
              121.16767672000003,
              14.042534613000157
            ],
            [
              121.16764337600011,
              14.042584629000032
            ],
            [
              121.16763526500006,
              14.042596795000122
            ],
            [
              121.16759233000016,
              14.042639730000076
            ],
            [
              121.16752126500023,
              14.04268414600017
            ],
            [
              121.16747240800032,
              14.042703393000068
            ],
            [
              121.1673983820001,
              14.042725601000143
            ],
            [
              121.16732497600003,
              14.042772675000151
            ],
            [
              121.16731568700004,
              14.042798478000066
            ],
            [
              121.1672902260002,
              14.042820151000171
            ],
            [
              121.167272593,
              14.042839388000061
            ],
            [
              121.16723251600001,
              14.04286343299998
            ],
            [
              121.16718763100016,
              14.04289549400005
            ],
            [
              121.16712190600015,
              14.042972441000131
            ],
            [
              121.16708984500019,
              14.043007708000118
            ],
            [
              121.16702572300005,
              14.043078242000092
            ],
            [
              121.16700167800013,
              14.043127936000133
            ],
            [
              121.16699686800007,
              14.043171218000168
            ],
            [
              121.16699686800007,
              14.043204882000111
            ],
            [
              121.16698725000015,
              14.043243356000062
            ],
            [
              121.16696961700006,
              14.043272210000168
            ]
          ]
        ]
      }
    },
    {
      "type": "Feature",
      "id": "PH0401017006",
      "properties": {
        "adm4_name": "Luta del Sur",
        "adm4_name1": null,
        "adm4_name2": null,
        "adm4_name3": null,
        "adm4_pcode": "PH0401017006",
        "adm3_name": "Malvar",
        "adm3_name1": null,
        "adm3_name2": null,
        "adm3_name3": null,
        "adm3_pcode": "PH0401017",
        "adm2_name": "Batangas",
        "adm2_name1": null,
        "adm2_name2": null,
        "adm2_name3": null,
        "adm2_pcode": "PH04010",
        "adm1_name": "Region IV-A (Calabarzon)",
        "adm1_name1": null,
        "adm1_name2": null,
        "adm1_name3": null,
        "adm1_pcode": "PH04",
        "adm0_name": "Philippines",
        "adm0_name1": null,
        "adm0_name2": null,
        "adm0_name3": null,
        "adm0_pcode": "PH",
        "valid_on": "20250213",
        "valid_to": "00000000",
        "area_sqkm": 1.46051957,
        "version": "v03",
        "lang": "en",
        "lang1": null,
        "lang2": null,
        "lang3": null,
        "adm4_ref_n": "Luta del Sur",
        "center_lat": 14.0347371,
        "center_lon": 121.16045651,
        "distync_code": "LUTA_DEL_SUR"
      },
      "geometry": {
        "type": "Polygon",
        "coordinates": [
          [
            [
              121.17021354900021,
              14.04084756300017
            ],
            [
              121.17009821400018,
              14.040864005000117
            ],
            [
              121.16996411900016,
              14.040760255000066
            ],
            [
              121.1697912950001,
              14.040682484000115
            ],
            [
              121.16966599800014,
              14.040570148000029
            ],
            [
              121.16952341800004,
              14.040466454000182
            ],
            [
              121.16936787600014,
              14.040405965000048
            ],
            [
              121.16916912900012,
              14.04032387400008
            ],
            [
              121.16895309800009,
              14.040272027000185
            ],
            [
              121.16878027400003,
              14.040207218000035
            ],
            [
              121.1686160920001,
              14.040168332000007
            ],
            [
              121.16847783200001,
              14.040138087999992
            ],
            [
              121.1683698170001,
              14.0401337670001
            ],
            [
              121.16823587900001,
              14.04022017900013
            ],
            [
              121.16815378700016,
              14.040289309000173
            ],
            [
              121.16805873400017,
              14.040362759000061
            ],
            [
              121.16791183300018,
              14.04039732400014
            ],
            [
              121.16782542100009,
              14.04037140000014
            ],
            [
              121.16186920000018,
              14.038676438000039
            ],
            [
              121.16142395300005,
              14.038338050000107
            ],
            [
              121.16113899400011,
              14.037964042000056
            ],
            [
              121.16019085800008,
              14.03769642900005
            ],
            [
              121.15867949100016,
              14.037257333000127
            ],
            [
              121.15503248500022,
              14.035924440000088
            ],
            [
              121.1498140650001,
              14.0340538210001
            ],
            [
              121.15062192900007,
              14.031966231000013
            ],
            [
              121.15172844400013,
              14.029106899000055
            ],
            [
              121.1615896410002,
              14.03260312500015
            ],
            [
              121.16160998900011,
              14.032610773000101
            ],
            [
              121.16359947700005,
              14.033439343000055
            ],
            [
              121.1636224660001,
              14.033444549000137
            ],
            [
              121.17213747400012,
              14.03542037200009
            ],
            [
              121.17368477900004,
              14.036351026000034
            ],
            [
              121.17368132700005,
              14.036395900000173
            ],
            [
              121.1736675200001,
              14.036416610000117
            ],
            [
              121.17358295100007,
              14.036463209000146
            ],
            [
              121.17343625100023,
              14.036613362000026
            ],
            [
              121.17334995600027,
              14.036744529000146
            ],
            [
              121.17330163100007,
              14.036794580000105
            ],
            [
              121.17324467700018,
              14.03682219400008
            ],
            [
              121.17319290000023,
              14.036842905000128
            ],
            [
              121.17316010800005,
              14.036846357000059
            ],
            [
              121.17313076800008,
              14.036834275000103
            ],
            [
              121.17307208800003,
              14.036801483999966
            ],
            [
              121.17301513400014,
              14.036773869000115
            ],
            [
              121.17296335700019,
              14.036765240000022
            ],
            [
              121.17293945100016,
              14.036818094000125
            ],
            [
              121.17291158000023,
              14.036879149000129
            ],
            [
              121.17291158000023,
              14.03693092500015
            ],
            [
              121.172908129,
              14.036956814000064
            ],
            [
              121.17290122500003,
              14.036991331000138
            ],
            [
              121.17290122500003,
              14.037032753000005
            ],
            [
              121.17287188500006,
              14.03708625500019
            ],
            [
              121.17271137700027,
              14.037377931000151
            ],
            [
              121.1725836610002,
              14.037593667000067
            ],
            [
              121.17253533700011,
              14.037662702000034
            ],
            [
              121.17249564100018,
              14.03774036700014
            ],
            [
              121.17244386400012,
              14.03783011400003
            ],
            [
              121.17239554000002,
              14.037940570000103
            ],
            [
              121.17237137700022,
              14.03797854000004
            ],
            [
              121.17234203700013,
              14.038037220000092
            ],
            [
              121.17232650400001,
              14.038073464000092
            ],
            [
              121.17231269700017,
              14.038161484000057
            ],
            [
              121.17230234200008,
              14.038228794000133
            ],
            [
              121.17230061600014,
              14.038265038000134
            ],
            [
              121.17230579300008,
              14.038297829000044
            ],
            [
              121.1722988900002,
              14.038337525000145
            ],
            [
              121.17225401700011,
              14.038432449000027
            ],
            [
              121.1722384840001,
              14.038472144000025
            ],
            [
              121.17221260400015,
              14.038493605000099
            ],
            [
              121.17216659300016,
              14.038598354000158
            ],
            [
              121.17210589700005,
              14.038692335000007
            ],
            [
              121.17208142300001,
              14.038735410000129
            ],
            [
              121.17196982100006,
              14.03890281300005
            ],
            [
              121.17188660900024,
              14.039020289000177
            ],
            [
              121.17163419300016,
              14.03933396299999
            ],
            [
              121.17158792300006,
              14.039405939000119
            ],
            [
              121.17143075100023,
              14.039624069000013
            ],
            [
              121.17136024400008,
              14.039724689000025
            ],
            [
              121.17122804400003,
              14.039875985000094
            ],
            [
              121.17119499300009,
              14.039912707000099
            ],
            [
              121.17117810100024,
              14.039926662000084
            ],
            [
              121.1711259550002,
              14.039957508000157
            ],
            [
              121.17109657800017,
              14.039981745000148
            ],
            [
              121.17107601300017,
              14.040000841000108
            ],
            [
              121.17105324500005,
              14.040028015000075
            ],
            [
              121.17104149400006,
              14.040056659000129
            ],
            [
              121.17104076000021,
              14.040076489000171
            ],
            [
              121.17103635300009,
              14.04010586700008
            ],
            [
              121.17104076000021,
              14.040160950000143
            ],
            [
              121.17103268100016,
              14.040216768000107
            ],
            [
              121.17102313300006,
              14.040252756000086
            ],
            [
              121.17100109900002,
              14.0402799310001
            ],
            [
              121.17095776700012,
              14.040303433000076
            ],
            [
              121.17091957600007,
              14.040316653000104
            ],
            [
              121.17088799500004,
              14.04032252800016
            ],
            [
              121.1708461310003,
              14.040326201000028
            ],
            [
              121.17081381500009,
              14.040334280000081
            ],
            [
              121.17079545400009,
              14.040343827000072
            ],
            [
              121.17078590600022,
              14.040354110000123
            ],
            [
              121.17076681100014,
              14.040382753000074
            ],
            [
              121.17073596400019,
              14.040404052000156
            ],
            [
              121.17071025800021,
              14.040419476000011
            ],
            [
              121.17069189700021,
              14.040425351000067
            ],
            [
              121.17067720800014,
              14.040427554000132
            ],
            [
              121.17066178500033,
              14.040432696000039
            ],
            [
              121.17064929900005,
              14.040449588000001
            ],
            [
              121.1706390170001,
              14.040463542000111
            ],
            [
              121.1706140460002,
              14.04049953000009
            ],
            [
              121.17059054400022,
              14.04052009500009
            ],
            [
              121.17055529000015,
              14.040560489000029
            ],
            [
              121.17052150500012,
              14.040598681000006
            ],
            [
              121.17049580000003,
              14.040642013000024
            ],
            [
              121.1704781730001,
              14.040673594000111
            ],
            [
              121.17046715600009,
              14.040687549000097
            ],
            [
              121.17044292000026,
              14.040727943000036
            ],
            [
              121.17041712900016,
              14.04075062000004
            ],
            [
              121.1704069320001,
              14.04076025900008
            ],
            [
              121.1703959150002,
              14.040766135000183
            ],
            [
              121.17038563300002,
              14.04076760300012
            ],
            [
              121.17037241300022,
              14.040768338000134
            ],
            [
              121.17036139600009,
              14.040768338000134
            ],
            [
              121.17034539100007,
              14.040768069000023
            ],
            [
              121.1703386280002,
              14.04076760300012
            ],
            [
              121.17031732900011,
              14.040771275999987
            ],
            [
              121.17030484400004,
              14.040775682000174
            ],
            [
              121.17028868600028,
              14.040782292000188
            ],
            [
              121.17027179400009,
              14.040797716000043
            ],
            [
              121.17021354900021,
              14.04084756300017
            ]
          ]
        ]
      }
    },
    {
      "type": "Feature",
      "id": "PH0401017008",
      "properties": {
        "adm4_name": "Poblacion",
        "adm4_name1": null,
        "adm4_name2": null,
        "adm4_name3": null,
        "adm4_pcode": "PH0401017008",
        "adm3_name": "Malvar",
        "adm3_name1": null,
        "adm3_name2": null,
        "adm3_name3": null,
        "adm3_pcode": "PH0401017",
        "adm2_name": "Batangas",
        "adm2_name1": null,
        "adm2_name2": null,
        "adm2_name3": null,
        "adm2_pcode": "PH04010",
        "adm1_name": "Region IV-A (Calabarzon)",
        "adm1_name1": null,
        "adm1_name2": null,
        "adm1_name3": null,
        "adm1_pcode": "PH04",
        "adm0_name": "Philippines",
        "adm0_name1": null,
        "adm0_name2": null,
        "adm0_name3": null,
        "adm0_pcode": "PH",
        "valid_on": "20250213",
        "valid_to": "00000000",
        "area_sqkm": 3.36774647,
        "version": "v03",
        "lang": "en",
        "lang1": null,
        "lang2": null,
        "lang3": null,
        "adm4_ref_n": "Poblacion",
        "center_lat": 14.04586023,
        "center_lon": 121.15934434,
        "distync_code": "POBLACION"
      },
      "geometry": {
        "type": "Polygon",
        "coordinates": [
          [
            [
              121.17321947500022,
              14.056327522000174
            ],
            [
              121.17311001600012,
              14.056486237000058
            ],
            [
              121.17143560200032,
              14.056110042000114
            ],
            [
              121.168680859,
              14.055546493999998
            ],
            [
              121.16629013000022,
              14.05443082000005
            ],
            [
              121.15892668400011,
              14.051370687000087
            ],
            [
              121.1572683490001,
              14.050068737000004
            ],
            [
              121.15674729400007,
              14.049891664000029
            ],
            [
              121.15443904100027,
              14.049066950000167
            ],
            [
              121.15398141000003,
              14.04890864100014
            ],
            [
              121.15361228900008,
              14.049049258000139
            ],
            [
              121.15310254900021,
              14.049611729000048
            ],
            [
              121.15246857600005,
              14.050513515000034
            ],
            [
              121.15044152800021,
              14.049674237999966
            ],
            [
              121.14819011500015,
              14.048691171000087
            ],
            [
              121.14724256500006,
              14.048322687000166
            ],
            [
              121.14712917300017,
              14.044903731000034
            ],
            [
              121.14714763400013,
              14.04436834500018
            ],
            [
              121.14720273100022,
              14.042770528000062
            ],
            [
              121.14812221500006,
              14.039754621000156
            ],
            [
              121.14845364900009,
              14.03838888200005
            ],
            [
              121.1490784780002,
              14.036039906000042
            ],
            [
              121.15028923000023,
              14.037195348000068
            ],
            [
              121.15225557500014,
              14.038254150000114
            ],
            [
              121.15353045900008,
              14.039226518000078
            ],
            [
              121.15587840900002,
              14.039996990000077
            ],
            [
              121.15608930600013,
              14.040081979999968
            ],
            [
              121.15703141200026,
              14.04054652800005
            ],
            [
              121.15787830700026,
              14.04087156200012
            ],
            [
              121.15840883600004,
              14.041121448000183
            ],
            [
              121.15920404400026,
              14.04146249900009
            ],
            [
              121.16005716400002,
              14.041793924000046
            ],
            [
              121.1669535860002,
              14.04331549300008
            ],
            [
              121.16691831900005,
              14.043350760000067
            ],
            [
              121.16690549500004,
              14.043379615000049
            ],
            [
              121.16690228900018,
              14.043419690999997
            ],
            [
              121.1668937180001,
              14.043483695000134
            ],
            [
              121.16688374600028,
              14.043517884000039
            ],
            [
              121.16683496100006,
              14.043570377000037
            ],
            [
              121.16678847200001,
              14.043645720000143
            ],
            [
              121.16673717500032,
              14.043708239000068
            ],
            [
              121.16668587700019,
              14.04373709400005
            ],
            [
              121.16666503800013,
              14.043762743000173
            ],
            [
              121.16665221300002,
              14.043801216000077
            ],
            [
              121.16657206100001,
              14.04389900200016
            ],
            [
              121.1665480150001,
              14.043929460000186
            ],
            [
              121.16650152700004,
              14.043996788000072
            ],
            [
              121.16643580200002,
              14.04408655800006
            ],
            [
              121.16639732900012,
              14.044134650000103
            ],
            [
              121.16636045900009,
              14.044166711000173
            ],
            [
              121.1663332070001,
              14.044230832000096
            ],
            [
              121.16630916100007,
              14.044280527000183
            ],
            [
              121.16959001800001,
              14.045079032999979
            ],
            [
              121.17346555800009,
              14.046641424000029
            ],
            [
              121.17724756100006,
              14.048265877000063
            ],
            [
              121.17712168300011,
              14.04831513400012
            ],
            [
              121.17694107600005,
              14.048457430000042
            ],
            [
              121.17678236100016,
              14.048583308000104
            ],
            [
              121.17650324100009,
              14.048670875000028
            ],
            [
              121.17626243100028,
              14.048785807000115
            ],
            [
              121.17612560800023,
              14.048807698000019
            ],
            [
              121.17602162200001,
              14.048939049000182
            ],
            [
              121.1759833110001,
              14.049048508000055
            ],
            [
              121.17589027100007,
              14.049048508000055
            ],
            [
              121.17569871800026,
              14.049114183000086
            ],
            [
              121.17555094900001,
              14.049125129000117
            ],
            [
              121.17537034200006,
              14.04923458799999
            ],
            [
              121.17513500500013,
              14.049283844000172
            ],
            [
              121.17492703300013,
              14.049387830000057
            ],
            [
              121.174724534,
              14.04945350600019
            ],
            [
              121.17457129200011,
              14.04951918100005
            ],
            [
              121.17443994100017,
              14.049721680000175
            ],
            [
              121.17433048200007,
              14.049896814000078
            ],
            [
              121.17422649700006,
              14.050082894000013
            ],
            [
              121.17415534800011,
              14.050258028000144
            ],
            [
              121.17407325400006,
              14.050509783999985
            ],
            [
              121.17409514600013,
              14.050663026000052
            ],
            [
              121.17405136200023,
              14.050854579000031
            ],
            [
              121.17399116000001,
              14.0509530920001
            ],
            [
              121.17380508000008,
              14.051057077999985
            ],
            [
              121.17366278300017,
              14.051265050000154
            ],
            [
              121.17352048700025,
              14.051451130000089
            ],
            [
              121.17342744700022,
              14.051609844999973
            ],
            [
              121.17333988000019,
              14.051790452000091
            ],
            [
              121.17325231300026,
              14.051992951000045
            ],
            [
              121.17325778600014,
              14.052299436000112
            ],
            [
              121.17324136700006,
              14.052496462000079
            ],
            [
              121.17311001600012,
              14.052682542000184
            ],
            [
              121.1729184630002,
              14.052819365000062
            ],
            [
              121.17278164000015,
              14.052950716000169
            ],
            [
              121.17277616700017,
              14.053131323000116
            ],
            [
              121.17292393600019,
              14.05325172800002
            ],
            [
              121.17312096200033,
              14.053394024000113
            ],
            [
              121.17315380000002,
              14.05352537500005
            ],
            [
              121.17308265100007,
              14.053640307000137
            ],
            [
              121.17294035500004,
              14.053700509000123
            ],
            [
              121.17283089600016,
              14.053826387000072
            ],
            [
              121.17281447700009,
              14.053935846000172
            ],
            [
              121.17285278800034,
              14.054072668999993
            ],
            [
              121.17286920700019,
              14.054198547000112
            ],
            [
              121.17297866600006,
              14.054302533000055
            ],
            [
              121.17309359700027,
              14.054428411000117
            ],
            [
              121.17321947500022,
              14.054521451000028
            ],
            [
              121.17344386600007,
              14.054576180000026
            ],
            [
              121.17357521600024,
              14.054707531000133
            ],
            [
              121.17355332500017,
              14.054844354000181
            ],
            [
              121.17352048700025,
              14.054953813000111
            ],
            [
              121.17340555500016,
              14.055063271999984
            ],
            [
              121.17335629900003,
              14.055178204000072
            ],
            [
              121.17336177200002,
              14.055320500000164
            ],
            [
              121.17341650100002,
              14.055462797000132
            ],
            [
              121.17354237900008,
              14.055599620000123
            ],
            [
              121.1735369060001,
              14.055736444000104
            ],
            [
              121.17350406800006,
              14.055829484000185
            ],
            [
              121.17342197400001,
              14.056048402000158
            ],
            [
              121.17332346100011,
              14.056146915000056
            ],
            [
              121.17321947500022,
              14.056327522000174
            ]
          ]
        ]
      }
    },
    {
      "type": "Feature",
      "id": "PH0401017020",
      "properties": {
        "adm4_name": "Santiago",
        "adm4_name1": null,
        "adm4_name2": null,
        "adm4_name3": null,
        "adm4_pcode": "PH0401017020",
        "adm3_name": "Malvar",
        "adm3_name1": null,
        "adm3_name2": null,
        "adm3_name3": null,
        "adm3_pcode": "PH0401017",
        "adm2_name": "Batangas",
        "adm2_name1": null,
        "adm2_name2": null,
        "adm2_name3": null,
        "adm2_pcode": "PH04010",
        "adm1_name": "Region IV-A (Calabarzon)",
        "adm1_name1": null,
        "adm1_name2": null,
        "adm1_name3": null,
        "adm1_pcode": "PH04",
        "adm0_name": "Philippines",
        "adm0_name1": null,
        "adm0_name2": null,
        "adm0_name3": null,
        "adm0_pcode": "PH",
        "valid_on": "20250213",
        "valid_to": "00000000",
        "area_sqkm": 3.99888602,
        "version": "v03",
        "lang": "en",
        "lang1": null,
        "lang2": null,
        "lang3": null,
        "adm4_ref_n": "Santiago",
        "center_lat": 14.01616282,
        "center_lon": 121.16433649,
        "distync_code": "SANTIAGO"
      },
      "geometry": {
        "type": "Polygon",
        "coordinates": [
          [
            [
              121.17637774200011,
              14.03081951300004
            ],
            [
              121.17640970900004,
              14.030940985000143
            ],
            [
              121.17615471400018,
              14.03090115800012
            ],
            [
              121.17591519600023,
              14.030628627000056
            ],
            [
              121.17550339300021,
              14.03038639000016
            ],
            [
              121.17518848500004,
              14.030095705000178
            ],
            [
              121.17492202400013,
              14.029683902000102
            ],
            [
              121.17480090500032,
              14.029175203000023
            ],
            [
              121.17463133900014,
              14.028690729000118
            ],
            [
              121.17434065400016,
              14.028085136000186
            ],
            [
              121.17396619200008,
              14.027810722000027
            ],
            [
              121.173896979,
              14.027747809000061
            ],
            [
              121.17346860000009,
              14.027358424000056
            ],
            [
              121.17300834900016,
              14.026825502000065
            ],
            [
              121.17240275600022,
              14.026244132000102
            ],
            [
              121.17194250500006,
              14.025856553000096
            ],
            [
              121.16897476900022,
              14.024528405000126
            ],
            [
              121.16267216300025,
              14.022470637000026
            ],
            [
              121.161986393,
              14.021700506000002
            ],
            [
              121.16192905600019,
              14.021692716000075
            ],
            [
              121.1610063940002,
              14.021561331000157
            ],
            [
              121.15912909700023,
              14.021085132000053
            ],
            [
              121.15884351700004,
              14.02101269100001
            ],
            [
              121.15875879900011,
              14.020987399999967
            ],
            [
              121.15772539000011,
              14.020649408999986
            ],
            [
              121.1513780360001,
              14.019016771999986
            ],
            [
              121.15131411400012,
              14.018971114000124
            ],
            [
              121.15123192800002,
              14.018971114000124
            ],
            [
              121.1511223470003,
              14.01899166000004
            ],
            [
              121.15103331300008,
              14.01899166000004
            ],
            [
              121.15097395600003,
              14.01898481100011
            ],
            [
              121.15091688300004,
              14.018968831000052
            ],
            [
              121.15085752700008,
              14.018895777000012
            ],
            [
              121.1508255650001,
              14.018836420000184
            ],
            [
              121.15079772900026,
              14.018808191000062
            ],
            [
              121.15074455900015,
              14.018548342000145
            ],
            [
              121.15074455900015,
              14.018384020000042
            ],
            [
              121.15073489300005,
              14.018045710000138
            ],
            [
              121.15075422500001,
              14.017862055000137
            ],
            [
              121.15085088500007,
              14.017610739000133
            ],
            [
              121.15109253600008,
              14.017330425000182
            ],
            [
              121.15132838000022,
              14.017066563000014
            ],
            [
              121.15147083000011,
              14.016931118999992
            ],
            [
              121.15155957000002,
              14.01686339600019
            ],
            [
              121.1517650720001,
              14.016660228999967
            ],
            [
              121.15200793900021,
              14.016559813000185
            ],
            [
              121.15211302500006,
              14.016454727000053
            ],
            [
              121.15226948700001,
              14.016391675000136
            ],
            [
              121.1524656480002,
              14.016214196000135
            ],
            [
              121.15265480400001,
              14.016111445000035
            ],
            [
              121.15269900200008,
              14.016066106000096
            ],
            [
              121.1527039670001,
              14.016023905999987
            ],
            [
              121.15266181000004,
              14.01598300600017
            ],
            [
              121.1526080990003,
              14.015943306000054
            ],
            [
              121.15258692700002,
              14.015925131000074
            ],
            [
              121.1526976040002,
              14.01585071500017
            ],
            [
              121.15287270700003,
              14.015797212000052
            ],
            [
              121.1530575390002,
              14.015699932000189
            ],
            [
              121.15320345900022,
              14.01551996400002
            ],
            [
              121.15327155400007,
              14.01535458900014
            ],
            [
              121.15332505800006,
              14.015223261000074
            ],
            [
              121.15344179400006,
              14.015140572999996
            ],
            [
              121.15356339400023,
              14.01500924600009
            ],
            [
              121.15356339400023,
              14.014892509999981
            ],
            [
              121.15354880200005,
              14.014697950000084
            ],
            [
              121.15359257800014,
              14.014532575000146
            ],
            [
              121.15362886700007,
              14.014505089000181
            ],
            [
              121.15370154100003,
              14.014486193000039
            ],
            [
              121.15373849700006,
              14.014449887000069
            ],
            [
              121.1537480530003,
              14.014412065000101
            ],
            [
              121.15373632300009,
              14.014303412000118
            ],
            [
              121.15373023300003,
              14.01425062700008
            ],
            [
              121.15373632300009,
              14.014205963000109
            ],
            [
              121.15373429300007,
              14.014098362000027
            ],
            [
              121.15374241400013,
              14.014039487000048
            ],
            [
              121.1537505340001,
              14.01397046000011
            ],
            [
              121.15376068500007,
              14.013935947000164
            ],
            [
              121.15381347100003,
              14.013826316000063
            ],
            [
              121.15383377300009,
              14.013773531000027
            ],
            [
              121.15382768200004,
              14.0137410480001
            ],
            [
              121.15384595400019,
              14.013651719000109
            ],
            [
              121.15388249700004,
              14.013546149000092
            ],
            [
              121.15390482900011,
              14.013452760000064
            ],
            [
              121.15393528200025,
              14.013361401000054
            ],
            [
              121.15390482900011,
              14.01326192099998
            ],
            [
              121.15385610500005,
              14.013198985000145
            ],
            [
              121.15381550100005,
              14.013174623000054
            ],
            [
              121.15381753100019,
              14.013136049000082
            ],
            [
              121.15383377300009,
              14.013105596000116
            ],
            [
              121.15388046700002,
              14.01309950500007
            ],
            [
              121.15393731300014,
              14.013123868000037
            ],
            [
              121.15397588600001,
              14.013146200000108
            ],
            [
              121.15402991100018,
              14.013137087000132
            ],
            [
              121.15407377100007,
              14.013112297000077
            ],
            [
              121.15408521300014,
              14.013074157999995
            ],
            [
              121.15409665400011,
              14.013039833000107
            ],
            [
              121.15413670000021,
              14.012978810000106
            ],
            [
              121.15420153700018,
              14.01295211200005
            ],
            [
              121.15427781500011,
              14.012950206000028
            ],
            [
              121.15435028000013,
              14.01294257800015
            ],
            [
              121.15441511600034,
              14.012921601000073
            ],
            [
              121.15442846500014,
              14.012873927000044
            ],
            [
              121.15442253000003,
              14.012827459000107
            ],
            [
              121.15444080100008,
              14.012764523000044
            ],
            [
              121.15443877100006,
              14.012644741000088
            ],
            [
              121.15445095200027,
              14.012496537000061
            ],
            [
              121.1545281000001,
              14.012431571000036
            ],
            [
              121.15457682500016,
              14.012372695000124
            ],
            [
              121.15457479400004,
              14.012317880000126
            ],
            [
              121.15463164000016,
              14.01221637000009
            ],
            [
              121.15468442500014,
              14.012145313000133
            ],
            [
              121.15478187500003,
              14.012096588000134
            ],
            [
              121.15492804900009,
              14.012092528000153
            ],
            [
              121.15508561100012,
              14.011973522000062
            ],
            [
              121.15512530500007,
              14.011960821000173
            ],
            [
              121.15522635200011,
              14.011951379000095
            ],
            [
              121.15537093000023,
              14.011881640000126
            ],
            [
              121.15543379600024,
              14.01181877300013
            ],
            [
              121.15550149900025,
              14.011736563000113
            ],
            [
              121.15554502200007,
              14.011591485000167
            ],
            [
              121.15563690500005,
              14.011427064000145
            ],
            [
              121.15569493600003,
              14.01136903300005
            ],
            [
              121.15582066900004,
              14.011170761000187
            ],
            [
              121.15607697300004,
              14.01105469900017
            ],
            [
              121.1563090960002,
              14.01095798100016
            ],
            [
              121.15649286100006,
              14.010895113999993
            ],
            [
              121.15653154800009,
              14.010779051999975
            ],
            [
              121.15658474300017,
              14.010600123000017
            ],
            [
              121.15660408700035,
              14.010421195000163
            ],
            [
              121.15654605600025,
              14.010276117000046
            ],
            [
              121.15648318900014,
              14.010145547999969
            ],
            [
              121.15646384600007,
              14.009860229000083
            ],
            [
              121.15642515800005,
              14.009778019000066
            ],
            [
              121.15642515800005,
              14.009666793000065
            ],
            [
              121.15646384600007,
              14.00956040200009
            ],
            [
              121.15653638400022,
              14.009497536000026
            ],
            [
              121.15668146200005,
              14.009454012000162
            ],
            [
              121.15686039000002,
              14.009386310000025
            ],
            [
              121.15697645200021,
              14.009323443000085
            ],
            [
              121.15711185800001,
              14.009149349999973
            ],
            [
              121.1571989040001,
              14.009023616000036
            ],
            [
              121.15721824800028,
              14.00873346200001
            ],
            [
              121.15729078700019,
              14.008554533000051
            ],
            [
              121.15728595100006,
              14.00846748600003
            ],
            [
              121.15734398200004,
              14.008327245000089
            ],
            [
              121.15743586400004,
              14.008051598000122
            ],
            [
              121.15745037200008,
              14.007911357000125
            ],
            [
              121.15740201200003,
              14.007688905000009
            ],
            [
              121.15727627900003,
              14.007514812000124
            ],
            [
              121.15721341200003,
              14.007287524000105
            ],
            [
              121.15718923200018,
              14.007171462000088
            ],
            [
              121.15724726300027,
              14.007007041000122
            ],
            [
              121.15728595100006,
              14.006861964000109
            ],
            [
              121.15734398200004,
              14.006595989000004
            ],
            [
              121.15739234100022,
              14.006426732000136
            ],
            [
              121.15752774600014,
              14.006223624000029
            ],
            [
              121.15755751500001,
              14.006161349000138
            ],
            [
              121.15753741800006,
              14.006102726000165
            ],
            [
              121.15750988200011,
              14.006042266000122
            ],
            [
              121.1575153780002,
              14.005985473000123
            ],
            [
              121.15755568300006,
              14.005904863000012
            ],
            [
              121.15770224700009,
              14.005890206000174
            ],
            [
              121.15783049000015,
              14.00587005400007
            ],
            [
              121.15790560400012,
              14.005820589000166
            ],
            [
              121.15793858100028,
              14.005696010000065
            ],
            [
              121.15797338900018,
              14.00564837600001
            ],
            [
              121.15802651900015,
              14.005652041000076
            ],
            [
              121.15806682400012,
              14.005620896000096
            ],
            [
              121.15812005800012,
              14.005576887000075
            ],
            [
              121.1581413790002,
              14.00555926100003
            ],
            [
              121.1581675860001,
              14.005543950000117
            ],
            [
              121.15820422700006,
              14.005446852000034
            ],
            [
              121.15827018100003,
              14.00532227300016
            ],
            [
              121.15827934100002,
              14.005245327000182
            ],
            [
              121.15827567700012,
              14.005162885000118
            ],
            [
              121.15824453200014,
              14.005128076000176
            ],
            [
              121.15818773900014,
              14.005106091000187
            ],
            [
              121.1581675860001,
              14.005076779000092
            ],
            [
              121.15817125000012,
              14.005043802000102
            ],
            [
              121.15819873100031,
              14.004935711000144
            ],
            [
              121.15820605900001,
              14.004801972000166
            ],
            [
              121.15823801400006,
              14.004620512000088
            ],
            [
              121.15828300500004,
              14.004463044000033
            ],
            [
              121.15834346200029,
              14.004371442000092
            ],
            [
              121.15839335200019,
              14.004166595000072
            ],
            [
              121.15844150600003,
              14.003980856000112
            ],
            [
              121.1584690230003,
              14.003774479000128
            ],
            [
              121.15855157400028,
              14.003409880000106
            ],
            [
              121.15859972900012,
              14.0031897450001
            ],
            [
              121.15864100400006,
              14.003004006000083
            ],
            [
              121.15864100400006,
              14.002797629000156
            ],
            [
              121.15863412500028,
              14.00257749400015
            ],
            [
              121.15864788300019,
              14.002364238000098
            ],
            [
              121.15863412500028,
              14.002068431000055
            ],
            [
              121.15859284900023,
              14.001855175000173
            ],
            [
              121.15848966100009,
              14.001641919000122
            ],
            [
              121.15835207600014,
              14.00146305900006
            ],
            [
              121.15883127200016,
              14.001668627000186
            ],
            [
              121.1598842750002,
              14.002216585000042
            ],
            [
              121.16118927900015,
              14.0029065330001
            ],
            [
              121.16165428500005,
              14.003950463000137
            ],
            [
              121.16222629000004,
              14.004811404000066
            ],
            [
              121.16326429500009,
              14.005749338000044
            ],
            [
              121.16380567100009,
              14.00634925200012
            ],
            [
              121.16405859500003,
              14.006630535000056
            ],
            [
              121.16413220200002,
              14.006712396000125
            ],
            [
              121.16429565000021,
              14.006892982000181
            ],
            [
              121.16453030300033,
              14.007152240000096
            ],
            [
              121.1655352780001,
              14.00798345700008
            ],
            [
              121.16561250200004,
              14.008047329000021
            ],
            [
              121.16576451900016,
              14.00817351700016
            ],
            [
              121.16639701400015,
              14.00844915700003
            ],
            [
              121.16764331800005,
              14.00985404700009
            ],
            [
              121.16888787100015,
              14.01065458700009
            ],
            [
              121.1694823250001,
              14.011036960000013
            ],
            [
              121.17187733100002,
              14.012276866000093
            ],
            [
              121.17517334400031,
              14.014591697000071
            ],
            [
              121.17733161300009,
              14.018201305000105
            ],
            [
              121.1774320610001,
              14.019004888999973
            ],
            [
              121.1773567250001,
              14.019507128999976
            ],
            [
              121.17662847700001,
              14.020059593000042
            ],
            [
              121.17635224500009,
              14.020461384000157
            ],
            [
              121.17610112500006,
              14.020938512000043
            ],
            [
              121.1760958330002,
              14.020979085000079
            ],
            [
              121.17602578900005,
              14.021516088000055
            ],
            [
              121.17597556500004,
              14.022972583000183
            ],
            [
              121.1752975420003,
              14.023474823000186
            ],
            [
              121.17484552600001,
              14.024127735000036
            ],
            [
              121.17449395800008,
              14.024780646000124
            ],
            [
              121.17436839800018,
              14.025634454000055
            ],
            [
              121.17479530200012,
              14.026186918000121
            ],
            [
              121.1756239980001,
              14.02678960600008
            ],
            [
              121.17677914900003,
              14.027116061000186
            ],
            [
              121.17773340500014,
              14.027919645000054
            ],
            [
              121.1775924860001,
              14.02805659000012
            ],
            [
              121.17743528100016,
              14.028380827000035
            ],
            [
              121.1774003490001,
              14.028734019000126
            ],
            [
              121.17741594100016,
              14.028967890000047
            ],
            [
              121.17733798400002,
              14.02929530900019
            ],
            [
              121.17715088700004,
              14.029544771000076
            ],
            [
              121.17693260800002,
              14.029685094000058
            ],
            [
              121.17676110200011,
              14.029856599000084
            ],
            [
              121.17658872100014,
              14.030122645000063
            ],
            [
              121.17653757400001,
              14.030276084000093
            ],
            [
              121.1764416750002,
              14.030653288000053
            ],
            [
              121.17637774200011,
              14.03081951300004
            ]
          ]
        ]
      }
    },
    {
      "type": "Feature",
      "id": "PH0401017012",
      "properties": {
        "adm4_name": "San Andres",
        "adm4_name1": null,
        "adm4_name2": null,
        "adm4_name3": null,
        "adm4_pcode": "PH0401017012",
        "adm3_name": "Malvar",
        "adm3_name1": null,
        "adm3_name2": null,
        "adm3_name3": null,
        "adm3_pcode": "PH0401017",
        "adm2_name": "Batangas",
        "adm2_name1": null,
        "adm2_name2": null,
        "adm2_name3": null,
        "adm2_pcode": "PH04010",
        "adm1_name": "Region IV-A (Calabarzon)",
        "adm1_name1": null,
        "adm1_name2": null,
        "adm1_name3": null,
        "adm1_pcode": "PH04",
        "adm0_name": "Philippines",
        "adm0_name1": null,
        "adm0_name2": null,
        "adm0_name3": null,
        "adm0_pcode": "PH",
        "valid_on": "20250213",
        "valid_to": "00000000",
        "area_sqkm": 2.91493998,
        "version": "v03",
        "lang": "en",
        "lang1": null,
        "lang2": null,
        "lang3": null,
        "adm4_ref_n": "San Andres",
        "center_lat": 14.00387767,
        "center_lon": 121.15112863,
        "distync_code": "SAN_ANDRES"
      },
      "geometry": {
        "type": "Polygon",
        "coordinates": [
          [
            [
              121.15327155400007,
              14.01535458900014
            ],
            [
              121.15320345900022,
              14.01551996400002
            ],
            [
              121.1480670640002,
              14.013685290000126
            ],
            [
              121.14642634800032,
              14.013082963000102
            ],
            [
              121.144221345,
              14.012421019000044
            ],
            [
              121.14130453300015,
              14.011808348000102
            ],
            [
              121.14048413300009,
              14.011831826000048
            ],
            [
              121.14032192000013,
              14.010631450000062
            ],
            [
              121.14041924800017,
              14.010079927000163
            ],
            [
              121.1410032140002,
              14.009625730000153
            ],
            [
              121.14168450800003,
              14.00887955100012
            ],
            [
              121.14200893400005,
              14.008425355000043
            ],
            [
              121.14230091700017,
              14.007581848000143
            ],
            [
              121.14223603200003,
              14.00703032399997
            ],
            [
              121.14177457900007,
              14.006832344000145
            ],
            [
              121.1413369500001,
              14.006864761000031
            ],
            [
              121.14106140600018,
              14.006475757000032
            ],
            [
              121.14123969900004,
              14.00598950300008
            ],
            [
              121.14164491100007,
              14.005665333000081
            ],
            [
              121.14212949000012,
              14.005385317000048
            ],
            [
              121.14267646400003,
              14.005248573000074
            ],
            [
              121.14323586900002,
              14.004975086999991
            ],
            [
              121.14362123600006,
              14.004651875000093
            ],
            [
              121.14382013600016,
              14.004204350999998
            ],
            [
              121.14379527400001,
              14.003756827000132
            ],
            [
              121.14374554900007,
              14.003197422000085
            ],
            [
              121.14364609900008,
              14.002961228999993
            ],
            [
              121.1437651230001,
              14.002887634000047
            ],
            [
              121.14391351400025,
              14.002887634000047
            ],
            [
              121.14404600500006,
              14.002914133000047
            ],
            [
              121.14414669900009,
              14.002855836000094
            ],
            [
              121.14410430100031,
              14.002733944000113
            ],
            [
              121.14396121100003,
              14.002670348000038
            ],
            [
              121.14391881300003,
              14.002532557000052
            ],
            [
              121.14391351400025,
              14.002357668000059
            ],
            [
              121.14389231500002,
              14.002156280999998
            ],
            [
              121.14393471200003,
              14.001944295000044
            ],
            [
              121.14401950700005,
              14.00182240300012
            ],
            [
              121.14419969500022,
              14.001721709000151
            ],
            [
              121.14428978900003,
              14.001562720000038
            ],
            [
              121.14435338500016,
              14.001297737000016
            ],
            [
              121.14432158700004,
              14.001064552000003
            ],
            [
              121.14426329100002,
              14.000905562000185
            ],
            [
              121.14422619400023,
              14.000778370000148
            ],
            [
              121.1441678970001,
              14.000661778000108
            ],
            [
              121.14421559400023,
              14.000534586000072
            ],
            [
              121.14443288000007,
              14.000465690000055
            ],
            [
              121.14459187000011,
              14.000428593000095
            ],
            [
              121.14470316300014,
              14.00026960300005
            ],
            [
              121.14466606500025,
              14.000153010000076
            ],
            [
              121.14454947300021,
              14.000168909000081
            ],
            [
              121.14448587700008,
              14.00011061300006
            ],
            [
              121.14440638200017,
              14.000031118000152
            ],
            [
              121.14429508900014,
              13.999983421000024
            ],
            [
              121.14423679300012,
              13.999835030999975
            ],
            [
              121.144231493,
              13.999691940000162
            ],
            [
              121.14431098800014,
              13.999358062000056
            ],
            [
              121.14434278600004,
              13.999236170000074
            ],
            [
              121.14442758100006,
              13.999040082000022
            ],
            [
              121.14459717000011,
              13.998838695000131
            ],
            [
              121.14489395100009,
              13.998743301000047
            ],
            [
              121.14516953300017,
              13.998722103000091
            ],
            [
              121.14533382200034,
              13.998632008000186
            ],
            [
              121.14550871100016,
              13.998483617999966
            ],
            [
              121.14562000400008,
              13.998292830000025
            ],
            [
              121.14564650200009,
              13.998059645000183
            ],
            [
              121.1456518020002,
              13.997709868000072
            ],
            [
              121.14557760600007,
              13.99731769300007
            ],
            [
              121.14596824600005,
              13.996416041000089
            ],
            [
              121.14623524300009,
              13.995939070000134
            ],
            [
              121.14693723900007,
              13.995423100000096
            ],
            [
              121.14740223400008,
              13.994559153000068
            ],
            [
              121.1474182290001,
              13.993801201000053
            ],
            [
              121.14699822300008,
              13.99282826700005
            ],
            [
              121.14712022100014,
              13.99239329400001
            ],
            [
              121.14769222000007,
              13.992335294000043
            ],
            [
              121.14886022200005,
              13.992679265000163
            ],
            [
              121.15065222800001,
              13.993816181000057
            ],
            [
              121.15144622900027,
              13.994130157000143
            ],
            [
              121.15226223100012,
              13.994398134000164
            ],
            [
              121.15255223600002,
              13.995253078000019
            ],
            [
              121.15267424100011,
              13.996060025000077
            ],
            [
              121.15261325000029,
              13.99755192900011
            ],
            [
              121.15275125700009,
              13.998795848000043
            ],
            [
              121.15324626200004,
              13.999517798000113
            ],
            [
              121.15388026400001,
              13.999942766999993
            ],
            [
              121.15501431100006,
              14.000261616000046
            ],
            [
              121.15522514300017,
              14.000320893000037
            ],
            [
              121.15530708100016,
              14.000343930999975
            ],
            [
              121.15624526700014,
              14.000607710000054
            ],
            [
              121.15717626800017,
              14.000878688000114
            ],
            [
              121.15756096500013,
              14.000940237000123
            ],
            [
              121.15776046300016,
              14.001098459000048
            ],
            [
              121.1579599600002,
              14.001201648000176
            ],
            [
              121.15818697500004,
              14.001352990999976
            ],
            [
              121.15835207600014,
              14.00146305900006
            ],
            [
              121.15848966100009,
              14.001641919000122
            ],
            [
              121.15859284900023,
              14.001855175000173
            ],
            [
              121.15863412500028,
              14.002068431000055
            ],
            [
              121.15864788300019,
              14.002364238000098
            ],
            [
              121.15863412500028,
              14.00257749400015
            ],
            [
              121.15864100400006,
              14.002797629000156
            ],
            [
              121.15864100400006,
              14.003004006000083
            ],
            [
              121.15859972900012,
              14.0031897450001
            ],
            [
              121.15855157400028,
              14.003409880000106
            ],
            [
              121.1584690230003,
              14.003774479000128
            ],
            [
              121.15844150600003,
              14.003980856000112
            ],
            [
              121.15839335200019,
              14.004166595000072
            ],
            [
              121.15834346200029,
              14.004371442000092
            ],
            [
              121.15828300500004,
              14.004463044000033
            ],
            [
              121.15823801400006,
              14.004620512000088
            ],
            [
              121.15820605900001,
              14.004801972000166
            ],
            [
              121.15819873100031,
              14.004935711000144
            ],
            [
              121.15817125000012,
              14.005043802000102
            ],
            [
              121.1581675860001,
              14.005076779000092
            ],
            [
              121.15818773900014,
              14.005106091000187
            ],
            [
              121.15824453200014,
              14.005128076000176
            ],
            [
              121.15827567700012,
              14.005162885000118
            ],
            [
              121.15827934100002,
              14.005245327000182
            ],
            [
              121.15827018100003,
              14.00532227300016
            ],
            [
              121.15820422700006,
              14.005446852000034
            ],
            [
              121.1581675860001,
              14.005543950000117
            ],
            [
              121.1581413790002,
              14.00555926100003
            ],
            [
              121.15812005800012,
              14.005576887000075
            ],
            [
              121.15806682400012,
              14.005620896000096
            ],
            [
              121.15802651900015,
              14.005652041000076
            ],
            [
              121.15797338900018,
              14.00564837600001
            ],
            [
              121.15793858100028,
              14.005696010000065
            ],
            [
              121.15790560400012,
              14.005820589000166
            ],
            [
              121.15783049000015,
              14.00587005400007
            ],
            [
              121.15770224700009,
              14.005890206000174
            ],
            [
              121.15755568300006,
              14.005904863000012
            ],
            [
              121.1575153780002,
              14.005985473000123
            ],
            [
              121.15750988200011,
              14.006042266000122
            ],
            [
              121.15753741800006,
              14.006102726000165
            ],
            [
              121.15755751500001,
              14.006161349000138
            ],
            [
              121.15752774600014,
              14.006223624000029
            ],
            [
              121.15739234100022,
              14.006426732000136
            ],
            [
              121.15734398200004,
              14.006595989000004
            ],
            [
              121.15728595100006,
              14.006861964000109
            ],
            [
              121.15724726300027,
              14.007007041000122
            ],
            [
              121.15718923200018,
              14.007171462000088
            ],
            [
              121.15721341200003,
              14.007287524000105
            ],
            [
              121.15727627900003,
              14.007514812000124
            ],
            [
              121.15740201200003,
              14.007688905000009
            ],
            [
              121.15745037200008,
              14.007911357000125
            ],
            [
              121.15743586400004,
              14.008051598000122
            ],
            [
              121.15734398200004,
              14.008327245000089
            ],
            [
              121.15728595100006,
              14.00846748600003
            ],
            [
              121.15729078700019,
              14.008554533000051
            ],
            [
              121.15721824800028,
              14.00873346200001
            ],
            [
              121.1571989040001,
              14.009023616000036
            ],
            [
              121.15711185800001,
              14.009149349999973
            ],
            [
              121.15697645200021,
              14.009323443000085
            ],
            [
              121.15686039000002,
              14.009386310000025
            ],
            [
              121.15668146200005,
              14.009454012000162
            ],
            [
              121.15653638400022,
              14.009497536000026
            ],
            [
              121.15646384600007,
              14.00956040200009
            ],
            [
              121.15642515800005,
              14.009666793000065
            ],
            [
              121.15642515800005,
              14.009778019000066
            ],
            [
              121.15646384600007,
              14.009860229000083
            ],
            [
              121.15648318900014,
              14.010145547999969
            ],
            [
              121.15654605600025,
              14.010276117000046
            ],
            [
              121.15660408700035,
              14.010421195000163
            ],
            [
              121.15658474300017,
              14.010600123000017
            ],
            [
              121.15653154800009,
              14.010779051999975
            ],
            [
              121.15649286100006,
              14.010895113999993
            ],
            [
              121.1563090960002,
              14.01095798100016
            ],
            [
              121.15607697300004,
              14.01105469900017
            ],
            [
              121.15582066900004,
              14.011170761000187
            ],
            [
              121.15569493600003,
              14.01136903300005
            ],
            [
              121.15563690500005,
              14.011427064000145
            ],
            [
              121.15554502200007,
              14.011591485000167
            ],
            [
              121.15550149900025,
              14.011736563000113
            ],
            [
              121.15543379600024,
              14.01181877300013
            ],
            [
              121.15537093000023,
              14.011881640000126
            ],
            [
              121.15522635200011,
              14.011951379000095
            ],
            [
              121.15512530500007,
              14.011960821000173
            ],
            [
              121.15508561100012,
              14.011973522000062
            ],
            [
              121.15492804900009,
              14.012092528000153
            ],
            [
              121.15478187500003,
              14.012096588000134
            ],
            [
              121.15468442500014,
              14.012145313000133
            ],
            [
              121.15463164000016,
              14.01221637000009
            ],
            [
              121.15457479400004,
              14.012317880000126
            ],
            [
              121.15457682500016,
              14.012372695000124
            ],
            [
              121.1545281000001,
              14.012431571000036
            ],
            [
              121.15445095200027,
              14.012496537000061
            ],
            [
              121.15443877100006,
              14.012644741000088
            ],
            [
              121.15444080100008,
              14.012764523000044
            ],
            [
              121.15442253000003,
              14.012827459000107
            ],
            [
              121.15442846500014,
              14.012873927000044
            ],
            [
              121.15441511600034,
              14.012921601000073
            ],
            [
              121.15435028000013,
              14.01294257800015
            ],
            [
              121.15427781500011,
              14.012950206000028
            ],
            [
              121.15420153700018,
              14.01295211200005
            ],
            [
              121.15413670000021,
              14.012978810000106
            ],
            [
              121.15409665400011,
              14.013039833000107
            ],
            [
              121.15408521300014,
              14.013074157999995
            ],
            [
              121.15407377100007,
              14.013112297000077
            ],
            [
              121.15402991100018,
              14.013137087000132
            ],
            [
              121.15397588600001,
              14.013146200000108
            ],
            [
              121.15393731300014,
              14.013123868000037
            ],
            [
              121.15388046700002,
              14.01309950500007
            ],
            [
              121.15383377300009,
              14.013105596000116
            ],
            [
              121.15381753100019,
              14.013136049000082
            ],
            [
              121.15381550100005,
              14.013174623000054
            ],
            [
              121.15385610500005,
              14.013198985000145
            ],
            [
              121.15390482900011,
              14.01326192099998
            ],
            [
              121.15393528200025,
              14.013361401000054
            ],
            [
              121.15390482900011,
              14.013452760000064
            ],
            [
              121.15388249700004,
              14.013546149000092
            ],
            [
              121.15384595400019,
              14.013651719000109
            ],
            [
              121.15382768200004,
              14.0137410480001
            ],
            [
              121.15383377300009,
              14.013773531000027
            ],
            [
              121.15381347100003,
              14.013826316000063
            ],
            [
              121.15376068500007,
              14.013935947000164
            ],
            [
              121.1537505340001,
              14.01397046000011
            ],
            [
              121.15374241400013,
              14.014039487000048
            ],
            [
              121.15373429300007,
              14.014098362000027
            ],
            [
              121.15373632300009,
              14.014205963000109
            ],
            [
              121.15373023300003,
              14.01425062700008
            ],
            [
              121.15373632300009,
              14.014303412000118
            ],
            [
              121.1537480530003,
              14.014412065000101
            ],
            [
              121.15373849700006,
              14.014449887000069
            ],
            [
              121.15370154100003,
              14.014486193000039
            ],
            [
              121.15362886700007,
              14.014505089000181
            ],
            [
              121.15359257800014,
              14.014532575000146
            ],
            [
              121.15354880200005,
              14.014697950000084
            ],
            [
              121.15356339400023,
              14.014892509999981
            ],
            [
              121.15356339400023,
              14.01500924600009
            ],
            [
              121.15344179400006,
              14.015140572999996
            ],
            [
              121.15332505800006,
              14.015223261000074
            ],
            [
              121.15327155400007,
              14.01535458900014
            ]
          ]
        ]
      }
    },
    {
      "type": "Feature",
      "id": "PH0401017013",
      "properties": {
        "adm4_name": "San Fernando",
        "adm4_name1": null,
        "adm4_name2": null,
        "adm4_name3": null,
        "adm4_pcode": "PH0401017013",
        "adm3_name": "Malvar",
        "adm3_name1": null,
        "adm3_name2": null,
        "adm3_name3": null,
        "adm3_pcode": "PH0401017",
        "adm2_name": "Batangas",
        "adm2_name1": null,
        "adm2_name2": null,
        "adm2_name3": null,
        "adm2_pcode": "PH04010",
        "adm1_name": "Region IV-A (Calabarzon)",
        "adm1_name1": null,
        "adm1_name2": null,
        "adm1_name3": null,
        "adm1_pcode": "PH04",
        "adm0_name": "Philippines",
        "adm0_name1": null,
        "adm0_name2": null,
        "adm0_name3": null,
        "adm0_pcode": "PH",
        "valid_on": "20250213",
        "valid_to": "00000000",
        "area_sqkm": 3.19928943,
        "version": "v03",
        "lang": "en",
        "lang1": null,
        "lang2": null,
        "lang3": null,
        "adm4_ref_n": "San Fernando",
        "center_lat": 14.02756852,
        "center_lon": 121.15979882,
        "distync_code": "SAN_FERNANDO"
      },
      "geometry": {
        "type": "Polygon",
        "coordinates": [
          [
            [
              121.17368477900004,
              14.036302702000114
            ],
            [
              121.17368477900004,
              14.036351026000034
            ],
            [
              121.17213747400012,
              14.03542037200009
            ],
            [
              121.1636224660001,
              14.033444549000137
            ],
            [
              121.16359947700005,
              14.033439343000055
            ],
            [
              121.16160998900011,
              14.032610773000101
            ],
            [
              121.1615896410002,
              14.03260312500015
            ],
            [
              121.15172844400013,
              14.029106899000055
            ],
            [
              121.14521839200006,
              14.027389240000161
            ],
            [
              121.14533143100005,
              14.027163676000157
            ],
            [
              121.14543319100017,
              14.027015663000043
            ],
            [
              121.14564596000002,
              14.026802893000024
            ],
            [
              121.14582172600001,
              14.026701134000064
            ],
            [
              121.1461732580002,
              14.026562371000011
            ],
            [
              121.146515539,
              14.02646061200005
            ],
            [
              121.14677456300012,
              14.02630334800017
            ],
            [
              121.14701508500013,
              14.026072077000151
            ],
            [
              121.14719085100012,
              14.025831555000138
            ],
            [
              121.14730186100007,
              14.025628036000057
            ],
            [
              121.14742212200008,
              14.025350511000113
            ],
            [
              121.14755163400002,
              14.025202498000056
            ],
            [
              121.14772740000001,
              14.025091486999997
            ],
            [
              121.1479586710002,
              14.024878718000082
            ],
            [
              121.14803267700006,
              14.024684450000166
            ],
            [
              121.14809743300009,
              14.024508684000182
            ],
            [
              121.14798642300002,
              14.024416175999988
            ],
            [
              121.14786616200013,
              14.024277413000164
            ],
            [
              121.14790495500006,
              14.024118608000094
            ],
            [
              121.14776001500013,
              14.024011072000064
            ],
            [
              121.14777404200015,
              14.023926914000185
            ],
            [
              121.14770391000002,
              14.023838080000132
            ],
            [
              121.14763377800023,
              14.023810027000025
            ],
            [
              121.14754026800017,
              14.02375392099998
            ],
            [
              121.14751689100001,
              14.023669763000157
            ],
            [
              121.14753091700015,
              14.023566902000084
            ],
            [
              121.14770391000002,
              14.023496770000122
            ],
            [
              121.14783482300004,
              14.02345001599997
            ],
            [
              121.14781612100012,
              14.023370532000172
            ],
            [
              121.14778339300005,
              14.023248970000054
            ],
            [
              121.14795171000003,
              14.023104030000127
            ],
            [
              121.1481106760001,
              14.023024547000034
            ],
            [
              121.14834445000008,
              14.022823502000051
            ],
            [
              121.14855484600002,
              14.022678562000124
            ],
            [
              121.14884472500012,
              14.022496219000061
            ],
            [
              121.14898031400026,
              14.022430762000056
            ],
            [
              121.14919538600009,
              14.022430762000056
            ],
            [
              121.14932629900022,
              14.022384006999971
            ],
            [
              121.14943851100008,
              14.022374656000181
            ],
            [
              121.14950396700033,
              14.022426087000099
            ],
            [
              121.14960215200006,
              14.022463490000064
            ],
            [
              121.1497574350002,
              14.022450962000107
            ],
            [
              121.14989406600023,
              14.022447058000125
            ],
            [
              121.14998385200033,
              14.022489999000072
            ],
            [
              121.15009315700001,
              14.022525133000102
            ],
            [
              121.15018294300023,
              14.02251732600007
            ],
            [
              121.15024540200011,
              14.022513422000145
            ],
            [
              121.15031957300016,
              14.02249780699998
            ],
            [
              121.15038203300014,
              14.022447058000125
            ],
            [
              121.15041716700023,
              14.022368982999978
            ],
            [
              121.15043668600015,
              14.022290909000105
            ],
            [
              121.15035080300004,
              14.02223235300005
            ],
            [
              121.15024930600009,
              14.022228449000067
            ],
            [
              121.150155616,
              14.022247967999988
            ],
            [
              121.15004240800022,
              14.022271390000185
            ],
            [
              121.14994481400015,
              14.02223235300005
            ],
            [
              121.14989016200002,
              14.022150374000091
            ],
            [
              121.1498706430001,
              14.022056684000177
            ],
            [
              121.14984354100022,
              14.02197585100015
            ],
            [
              121.1497263020002,
              14.021783514000106
            ],
            [
              121.14954831500006,
              14.021664856000086
            ],
            [
              121.14937032800003,
              14.021561030000044
            ],
            [
              121.14928875000021,
              14.021434955000132
            ],
            [
              121.14925908600003,
              14.021264384000176
            ],
            [
              121.14937407200011,
              14.021091676000083
            ],
            [
              121.14958678700009,
              14.021019353000042
            ],
            [
              121.14970803400024,
              14.020970429000101
            ],
            [
              121.14984872100013,
              14.020947704000093
            ],
            [
              121.1500323690002,
              14.020884262000152
            ],
            [
              121.15026944100009,
              14.020787430000155
            ],
            [
              121.15053322500023,
              14.020727327000031
            ],
            [
              121.15075694100005,
              14.020637173000068
            ],
            [
              121.15094726600012,
              14.020563714000104
            ],
            [
              121.15108750600018,
              14.02049025500014
            ],
            [
              121.15117098200017,
              14.020400101000178
            ],
            [
              121.15116096500014,
              14.020289913000113
            ],
            [
              121.15110086200002,
              14.020156351000082
            ],
            [
              121.15108750600018,
              14.020052840999995
            ],
            [
              121.1511476080002,
              14.019962687000032
            ],
            [
              121.15119008800013,
              14.019919614999992
            ],
            [
              121.15125046000014,
              14.019860617999996
            ],
            [
              121.15134199300019,
              14.019802225999968
            ],
            [
              121.15138618200001,
              14.019781710000075
            ],
            [
              121.15141300400012,
              14.019745506000106
            ],
            [
              121.15141817400001,
              14.01967312100004
            ],
            [
              121.15140007800005,
              14.01955937300005
            ],
            [
              121.15135871500013,
              14.019476648000023
            ],
            [
              121.15142075900008,
              14.019417189000023
            ],
            [
              121.15144919600004,
              14.019349974000022
            ],
            [
              121.15144144100009,
              14.019282759000077
            ],
            [
              121.15142075900008,
              14.019207789000063
            ],
            [
              121.15139490800004,
              14.019088871000008
            ],
            [
              121.1513780360001,
              14.019016771999986
            ],
            [
              121.15772539000011,
              14.020649408999986
            ],
            [
              121.15875879900011,
              14.020987399999967
            ],
            [
              121.15884351700004,
              14.02101269100001
            ],
            [
              121.15912909700023,
              14.021085132000053
            ],
            [
              121.1610063940002,
              14.021561331000157
            ],
            [
              121.16192905600019,
              14.021692716000075
            ],
            [
              121.161986393,
              14.021700506000002
            ],
            [
              121.16267216300025,
              14.022470637000026
            ],
            [
              121.16897476900022,
              14.024528405000126
            ],
            [
              121.17194250500006,
              14.025856553000096
            ],
            [
              121.17240275600022,
              14.026244132000102
            ],
            [
              121.17300834900016,
              14.026825502000065
            ],
            [
              121.17346860000009,
              14.027358424000056
            ],
            [
              121.173896979,
              14.027747809000061
            ],
            [
              121.17396619200008,
              14.027810722000027
            ],
            [
              121.17434065400016,
              14.028085136000186
            ],
            [
              121.17463133900014,
              14.028690729000118
            ],
            [
              121.17480090500032,
              14.029175203000023
            ],
            [
              121.17492202400013,
              14.029683902000102
            ],
            [
              121.17518848500004,
              14.030095705000178
            ],
            [
              121.17550339300021,
              14.03038639000016
            ],
            [
              121.17591519600023,
              14.030628627000056
            ],
            [
              121.17615471400018,
              14.03090115800012
            ],
            [
              121.17640970900004,
              14.030940985000143
            ],
            [
              121.17646085500019,
              14.031049671000062
            ],
            [
              121.17651839500002,
              14.031177537000133
            ],
            [
              121.17643528200028,
              14.031382122000139
            ],
            [
              121.17633298900012,
              14.03159310000018
            ],
            [
              121.17623709000009,
              14.03181686500011
            ],
            [
              121.17617955100002,
              14.032015056999967
            ],
            [
              121.17610922400013,
              14.032226035000065
            ],
            [
              121.17607725800019,
              14.032417834
            ],
            [
              121.17598135900016,
              14.032603238999968
            ],
            [
              121.17589824600009,
              14.032692745000134
            ],
            [
              121.1756744810001,
              14.032788644000163
            ],
            [
              121.17548907600019,
              14.032833397000047
            ],
            [
              121.17534203000002,
              14.032910117000142
            ],
            [
              121.17523334500004,
              14.032980443000099
            ],
            [
              121.17507990600006,
              14.033031589000075
            ],
            [
              121.17492007400017,
              14.03308273500005
            ],
            [
              121.1747027020001,
              14.033101915000032
            ],
            [
              121.17447893700012,
              14.033242568000048
            ],
            [
              121.1743638580001,
              14.033421580000095
            ],
            [
              121.17421681200005,
              14.033811570000069
            ],
            [
              121.1741145200001,
              14.034092874000066
            ],
            [
              121.17405058700024,
              14.034329426000056
            ],
            [
              121.17398665400003,
              14.03445729100008
            ],
            [
              121.17388436200008,
              14.03462351700017
            ],
            [
              121.17382042900022,
              14.0348472820001
            ],
            [
              121.17380764200016,
              14.035045474000185
            ],
            [
              121.17380764200016,
              14.035230879000153
            ],
            [
              121.17376288900005,
              14.035390711000048
            ],
            [
              121.17372453000019,
              14.035537756000053
            ],
            [
              121.17372453000019,
              14.0357167680001
            ],
            [
              121.17369256300015,
              14.035914960000184
            ],
            [
              121.17367269800002,
              14.036086965000095
            ],
            [
              121.17367269800002,
              14.036140467999985
            ],
            [
              121.17367787500018,
              14.036235392000037
            ],
            [
              121.17368477900004,
              14.036302702000114
            ]
          ]
        ]
      }
    },
    {
      "type": "Feature",
      "id": "PH0401017004",
      "properties": {
        "adm4_name": "San Gregorio",
        "adm4_name1": null,
        "adm4_name2": null,
        "adm4_name3": null,
        "adm4_pcode": "PH0401017004",
        "adm3_name": "Malvar",
        "adm3_name1": null,
        "adm3_name2": null,
        "adm3_name3": null,
        "adm3_pcode": "PH0401017",
        "adm2_name": "Batangas",
        "adm2_name1": null,
        "adm2_name2": null,
        "adm2_name3": null,
        "adm2_pcode": "PH04010",
        "adm1_name": "Region IV-A (Calabarzon)",
        "adm1_name1": null,
        "adm1_name2": null,
        "adm1_name3": null,
        "adm1_pcode": "PH04",
        "adm0_name": "Philippines",
        "adm0_name1": null,
        "adm0_name2": null,
        "adm0_name3": null,
        "adm0_pcode": "PH",
        "valid_on": "20250213",
        "valid_to": "00000000",
        "area_sqkm": 0.87351016,
        "version": "v03",
        "lang": "en",
        "lang1": null,
        "lang2": null,
        "lang3": null,
        "adm4_ref_n": "San Gregorio",
        "center_lat": 14.04440981,
        "center_lon": 121.11781732,
        "distync_code": "SAN_GREGORIO"
      },
      "geometry": {
        "type": "Polygon",
        "coordinates": [
          [
            [
              121.1263064010003,
              14.046053951000033
            ],
            [
              121.12458457000002,
              14.047444876999975
            ],
            [
              121.12386656700005,
              14.046915915000113
            ],
            [
              121.12214156300001,
              14.046079979000012
            ],
            [
              121.12075356200012,
              14.045846002000133
            ],
            [
              121.1193495650001,
              14.046233985000185
            ],
            [
              121.11765556500006,
              14.046155999999996
            ],
            [
              121.11626756500016,
              14.046015018000105
            ],
            [
              121.11468756600004,
              14.046009027000025
            ],
            [
              121.11311656500004,
              14.045725055000162
            ],
            [
              121.11223156200003,
              14.045249091000017
            ],
            [
              121.11149155900023,
              14.044661133000034
            ],
            [
              121.10854656000004,
              14.044674149000059
            ],
            [
              121.10715756000002,
              14.044465171000184
            ],
            [
              121.10629555700018,
              14.043919211000116
            ],
            [
              121.10572355300008,
              14.043219260000058
            ],
            [
              121.10518154800013,
              14.042473311000037
            ],
            [
              121.10682254300025,
              14.041700351000031
            ],
            [
              121.10764654300021,
              14.041853337000077
            ],
            [
              121.10850854500018,
              14.042238307000162
            ],
            [
              121.109423547,
              14.04253028200003
            ],
            [
              121.11069054700022,
              14.042693265000139
            ],
            [
              121.11194154700013,
              14.042716256000176
            ],
            [
              121.1128645450001,
              14.042504264000058
            ],
            [
              121.11347454400004,
              14.042447264000089
            ],
            [
              121.11477154400006,
              14.042425258000094
            ],
            [
              121.1159625470001,
              14.042976215000067
            ],
            [
              121.11685454700023,
              14.043177197000034
            ],
            [
              121.11800654700016,
              14.043175190000113
            ],
            [
              121.11857154700022,
              14.043255182000166
            ],
            [
              121.11916654600009,
              14.04315118500017
            ],
            [
              121.1202955450002,
              14.043104182000093
            ],
            [
              121.12110454400022,
              14.042935188000172
            ],
            [
              121.12204254400001,
              14.043091172000118
            ],
            [
              121.12251554400007,
              14.043008175000068
            ],
            [
              121.12360654300005,
              14.042914174000032
            ],
            [
              121.12454554300007,
              14.04306915900014
            ],
            [
              121.1249400690001,
              14.043054190000078
            ],
            [
              121.12522042700016,
              14.042859158999988
            ],
            [
              121.1258177110002,
              14.042615369999965
            ],
            [
              121.1263906160001,
              14.042444716999967
            ],
            [
              121.1268416260001,
              14.042139980000115
            ],
            [
              121.1271707410001,
              14.041908380000109
            ],
            [
              121.12762941800008,
              14.041687227000011
            ],
            [
              121.12794273300017,
              14.041601219000029
            ],
            [
              121.12833591300023,
              14.041453775999969
            ],
            [
              121.12886507700011,
              14.041420802000118
            ],
            [
              121.12932827700001,
              14.041579265000166
            ],
            [
              121.12960863500018,
              14.041652402000068
            ],
            [
              121.12987567400012,
              14.041722718000017
            ],
            [
              121.1303156240001,
              14.041847433000157
            ],
            [
              121.13052284500009,
              14.042347201000098
            ],
            [
              121.13057160300025,
              14.042725075000078
            ],
            [
              121.13060817100006,
              14.04327360100018
            ],
            [
              121.1304275440001,
              14.043640087000142
            ],
            [
              121.12922954900023,
              14.044306052000081
            ],
            [
              121.12889951700015,
              14.044357768999987
            ],
            [
              121.1288224440002,
              14.044369563000089
            ],
            [
              121.12830655000016,
              14.044450048000101
            ],
            [
              121.12778055200033,
              14.044785029000025
            ],
            [
              121.1268725560002,
              14.045364997000036
            ],
            [
              121.12636056000008,
              14.045952962000115
            ],
            [
              121.1263064010003,
              14.046053951000033
            ]
          ]
        ]
      }
    },
    {
      "type": "Feature",
      "id": "PH0401017015",
      "properties": {
        "adm4_name": "San Isidro East",
        "adm4_name1": null,
        "adm4_name2": null,
        "adm4_name3": null,
        "adm4_pcode": "PH0401017015",
        "adm3_name": "Malvar",
        "adm3_name1": null,
        "adm3_name2": null,
        "adm3_name3": null,
        "adm3_pcode": "PH0401017",
        "adm2_name": "Batangas",
        "adm2_name1": null,
        "adm2_name2": null,
        "adm2_name3": null,
        "adm2_pcode": "PH04010",
        "adm1_name": "Region IV-A (Calabarzon)",
        "adm1_name1": null,
        "adm1_name2": null,
        "adm1_name3": null,
        "adm1_pcode": "PH04",
        "adm0_name": "Philippines",
        "adm0_name1": null,
        "adm0_name2": null,
        "adm0_name3": null,
        "adm0_pcode": "PH",
        "valid_on": "20250213",
        "valid_to": "00000000",
        "area_sqkm": 1.48440477,
        "version": "v03",
        "lang": "en",
        "lang1": null,
        "lang2": null,
        "lang3": null,
        "adm4_ref_n": "San Isidro East",
        "center_lat": 14.03716082,
        "center_lon": 121.12476109,
        "distync_code": "SAN_ISIDRO_EAST"
      },
      "geometry": {
        "type": "Polygon",
        "coordinates": [
          [
            [
              121.11916654600009,
              14.04315118500017
            ],
            [
              121.11857154700022,
              14.043255182000166
            ],
            [
              121.11800654700016,
              14.043175190000113
            ],
            [
              121.11685454700023,
              14.043177197000034
            ],
            [
              121.1159625470001,
              14.042976215000067
            ],
            [
              121.11627023700021,
              14.04275306400018
            ],
            [
              121.11637883700007,
              14.042445362000137
            ],
            [
              121.11672274000023,
              14.042038110000021
            ],
            [
              121.11695804100009,
              14.041839008000068
            ],
            [
              121.11708618700004,
              14.041583193000122
            ],
            [
              121.11741959400001,
              14.041178354000124
            ],
            [
              121.1176639460001,
              14.040725851000047
            ],
            [
              121.11776349600018,
              14.040182847999972
            ],
            [
              121.11773634600024,
              14.039820846000055
            ],
            [
              121.11763679500007,
              14.039413593000006
            ],
            [
              121.11760964500002,
              14.039123991000054
            ],
            [
              121.1177091960003,
              14.038825339000027
            ],
            [
              121.1180181740001,
              14.03847657
            ],
            [
              121.11829228800002,
              14.037891793000028
            ],
            [
              121.1184384820001,
              14.03752630800011
            ],
            [
              121.11852985300027,
              14.03679533799999
            ],
            [
              121.1186212240001,
              14.035899899000071
            ],
            [
              121.1184019330002,
              14.035223751999979
            ],
            [
              121.11820091600032,
              14.034419684999989
            ],
            [
              121.11814609400005,
              14.03328668100005
            ],
            [
              121.11796335100007,
              14.032610533000081
            ],
            [
              121.11815086900003,
              14.030775738000045
            ],
            [
              121.11827730400012,
              14.030840307000119
            ],
            [
              121.11841483400008,
              14.030894468999975
            ],
            [
              121.11853757700021,
              14.030916786000148
            ],
            [
              121.11870874400006,
              14.030894237000155
            ],
            [
              121.11886489100027,
              14.030860993999966
            ],
            [
              121.11908625400008,
              14.030867272000137
            ],
            [
              121.11933726500013,
              14.030860993999966
            ],
            [
              121.11965252000016,
              14.030894237000155
            ],
            [
              121.11996261700017,
              14.031056027000034
            ],
            [
              121.12013323300005,
              14.031139955000071
            ],
            [
              121.12028619700015,
              14.031177370000023
            ],
            [
              121.12051262000011,
              14.031206906000023
            ],
            [
              121.12074460200029,
              14.031177370000023
            ],
            [
              121.12184407700022,
              14.032473668000023
            ],
            [
              121.12392299100009,
              14.03366265600016
            ],
            [
              121.12638764400003,
              14.033678122000026
            ],
            [
              121.12770743100009,
              14.033560473000136
            ],
            [
              121.12826273100018,
              14.033951240000079
            ],
            [
              121.12877689800018,
              14.034506540000166
            ],
            [
              121.12951729800011,
              14.035452606000092
            ],
            [
              121.13015486400013,
              14.036049038999977
            ],
            [
              121.13068959700024,
              14.036522073000071
            ],
            [
              121.13130659700016,
              14.037653239000008
            ],
            [
              121.13153283000008,
              14.038475906000144
            ],
            [
              121.1315412150002,
              14.03873099000009
            ],
            [
              121.13155339700018,
              14.039154605000078
            ],
            [
              121.13142999700005,
              14.039607072000138
            ],
            [
              121.13158914800033,
              14.04024892700005
            ],
            [
              121.13124676400002,
              14.040979347000075
            ],
            [
              121.13079025100001,
              14.041481510000153
            ],
            [
              121.1303156240001,
              14.041847433000157
            ],
            [
              121.12987567400012,
              14.041722718000017
            ],
            [
              121.12960863500018,
              14.041652402000068
            ],
            [
              121.12932827700001,
              14.041579265000166
            ],
            [
              121.12886507700011,
              14.041420802000118
            ],
            [
              121.12833591300023,
              14.041453775999969
            ],
            [
              121.12794273300017,
              14.041601219000029
            ],
            [
              121.12762941800008,
              14.041687227000011
            ],
            [
              121.1271707410001,
              14.041908380000109
            ],
            [
              121.1268416260001,
              14.042139980000115
            ],
            [
              121.1263906160001,
              14.042444716999967
            ],
            [
              121.1258177110002,
              14.042615369999965
            ],
            [
              121.12522042700016,
              14.042859158999988
            ],
            [
              121.1249400690001,
              14.043054190000078
            ],
            [
              121.12454554300007,
              14.04306915900014
            ],
            [
              121.12360654300005,
              14.042914174000032
            ],
            [
              121.12251554400007,
              14.043008175000068
            ],
            [
              121.12204254400001,
              14.043091172000118
            ],
            [
              121.12110454400022,
              14.042935188000172
            ],
            [
              121.1202955450002,
              14.043104182000093
            ],
            [
              121.11916654600009,
              14.04315118500017
            ]
          ]
        ]
      }
    },
    {
      "type": "Feature",
      "id": "PH0401017016",
      "properties": {
        "adm4_name": "San Juan",
        "adm4_name1": null,
        "adm4_name2": null,
        "adm4_name3": null,
        "adm4_pcode": "PH0401017016",
        "adm3_name": "Malvar",
        "adm3_name1": null,
        "adm3_name2": null,
        "adm3_name3": null,
        "adm3_pcode": "PH0401017",
        "adm2_name": "Batangas",
        "adm2_name1": null,
        "adm2_name2": null,
        "adm2_name3": null,
        "adm2_pcode": "PH04010",
        "adm1_name": "Region IV-A (Calabarzon)",
        "adm1_name1": null,
        "adm1_name2": null,
        "adm1_name3": null,
        "adm1_pcode": "PH04",
        "adm0_name": "Philippines",
        "adm0_name1": null,
        "adm0_name2": null,
        "adm0_name3": null,
        "adm0_pcode": "PH",
        "valid_on": "20250213",
        "valid_to": "00000000",
        "area_sqkm": 3.71321467,
        "version": "v03",
        "lang": "en",
        "lang1": null,
        "lang2": null,
        "lang3": null,
        "adm4_ref_n": "San Juan",
        "center_lat": 14.02187968,
        "center_lon": 121.14161078,
        "distync_code": "SAN_JUAN"
      },
      "geometry": {
        "type": "Polygon",
        "coordinates": [
          [
            [
              121.14174127100023,
              14.032134972000051
            ],
            [
              121.1415843200001,
              14.032138242000144
            ],
            [
              121.14148295700011,
              14.032134972000051
            ],
            [
              121.14135870500002,
              14.032108814000026
            ],
            [
              121.14116905700007,
              14.031955132999997
            ],
            [
              121.14111020000007,
              14.031889738000189
            ],
            [
              121.1410840420001,
              14.031791644000066
            ],
            [
              121.14098921800007,
              14.031745867000097
            ],
            [
              121.14087477500004,
              14.031716438000046
            ],
            [
              121.14079957000001,
              14.031716438000046
            ],
            [
              121.14075706200003,
              14.031683741000109
            ],
            [
              121.14069166700006,
              14.03164123300013
            ],
            [
              121.14050201900011,
              14.031628154000032
            ],
            [
              121.14033525900004,
              14.031680471000186
            ],
            [
              121.14028294200023,
              14.031765485000108
            ],
            [
              121.14022735600008,
              14.031827611000097
            ],
            [
              121.14010964300019,
              14.031853770000055
            ],
            [
              121.14000174000023,
              14.0318962770001
            ],
            [
              121.13989056700018,
              14.031932245000064
            ],
            [
              121.1396813,
              14.031971482000017
            ],
            [
              121.13950146100001,
              14.031951864000177
            ],
            [
              121.13936086000001,
              14.0318962770001
            ],
            [
              121.13929546400004,
              14.031830881000019
            ],
            [
              121.13918429100022,
              14.031706629000041
            ],
            [
              121.13907638800003,
              14.03153006000008
            ],
            [
              121.13902797200001,
              14.031318373999966
            ],
            [
              121.13896948700005,
              14.031118550000144
            ],
            [
              121.13884276800013,
              14.030855366000026
            ],
            [
              121.13861857500012,
              14.030582434000053
            ],
            [
              121.13844799300023,
              14.0304118520001
            ],
            [
              121.13814094500003,
              14.030216901000074
            ],
            [
              121.13791187700008,
              14.03013404700016
            ],
            [
              121.13773642100011,
              14.030060940000055
            ],
            [
              121.13763894600015,
              14.029953717000126
            ],
            [
              121.1376097030003,
              14.029788009000129
            ],
            [
              121.13753659600002,
              14.029636922000122
            ],
            [
              121.13724904400021,
              14.029212903000143
            ],
            [
              121.13708333500006,
              14.029013078000048
            ],
            [
              121.13697611200018,
              14.028905855000119
            ],
            [
              121.13673242300001,
              14.028827875000047
            ],
            [
              121.13650335600016,
              14.02876451600008
            ],
            [
              121.13626941500024,
              14.028662166000117
            ],
            [
              121.13597211400008,
              14.02854032199997
            ],
            [
              121.1357722890001,
              14.028423351000185
            ],
            [
              121.13556759100004,
              14.028272264000009
            ],
            [
              121.13538726100012,
              14.028087061000065
            ],
            [
              121.13528003800002,
              14.027960343000075
            ],
            [
              121.13510925800006,
              14.027926753000145
            ],
            [
              121.1349032610002,
              14.02797554200015
            ],
            [
              121.13475689400002,
              14.027997226000025
            ],
            [
              121.1345834220001,
              14.028035173000035
            ],
            [
              121.13455089600006,
              14.028181540000162
            ],
            [
              121.13451294900005,
              14.028268276000063
            ],
            [
              121.1343665820001,
              14.028295381000078
            ],
            [
              121.13423647800016,
              14.028327907000119
            ],
            [
              121.13412263700025,
              14.028658587000109
            ],
            [
              121.13404674300023,
              14.028967583999986
            ],
            [
              121.13385700800006,
              14.02935247500011
            ],
            [
              121.13360764300012,
              14.029710260000172
            ],
            [
              121.13345043400011,
              14.029878311000118
            ],
            [
              121.13320648900014,
              14.030019257000049
            ],
            [
              121.13298422800017,
              14.030100572000151
            ],
            [
              121.13256681200005,
              14.030263202000071
            ],
            [
              121.13241502400012,
              14.030436674000043
            ],
            [
              121.13246923400015,
              14.03056677800015
            ],
            [
              121.13244933600026,
              14.030669677000049
            ],
            [
              121.13224518200025,
              14.030765504000101
            ],
            [
              121.13205352700015,
              14.030894663000026
            ],
            [
              121.13185108200003,
              14.031018824000057
            ],
            [
              121.1316902440002,
              14.031099242000153
            ],
            [
              121.13157464200003,
              14.031159555999977
            ],
            [
              121.13138364800022,
              14.031129399000065
            ],
            [
              121.13127307200011,
              14.031129399000065
            ],
            [
              121.1311826010002,
              14.031089190000046
            ],
            [
              121.13103181600002,
              14.03102385000011
            ],
            [
              121.13089108300005,
              14.030983639999988
            ],
            [
              121.13079558600009,
              14.031018824000057
            ],
            [
              121.13074343600022,
              14.031066649000024
            ],
            [
              121.13052880700013,
              14.031024770000045
            ],
            [
              121.13029847300004,
              14.030925308000178
            ],
            [
              121.13015189700002,
              14.030804906000128
            ],
            [
              121.13004196500015,
              14.030768262000151
            ],
            [
              121.12981163100005,
              14.030721148000111
            ],
            [
              121.12961270600022,
              14.030653095000105
            ],
            [
              121.12924626600011,
              14.030679269000132
            ],
            [
              121.12889553000002,
              14.030700209000088
            ],
            [
              121.12864949100003,
              14.030810141000131
            ],
            [
              121.12843486200029,
              14.031024770000045
            ],
            [
              121.12836815700018,
              14.031054407000113
            ],
            [
              121.12825687700001,
              14.031077119000031
            ],
            [
              121.12814498800014,
              14.031035810000049
            ],
            [
              121.12804224700005,
              14.030941012000028
            ],
            [
              121.12796372400021,
              14.030810141000131
            ],
            [
              121.12781714800019,
              14.030548397000132
            ],
            [
              121.12782291600013,
              14.030543692000037
            ],
            [
              121.12751639600015,
              14.03050392400013
            ],
            [
              121.12717320900026,
              14.030476065000187
            ],
            [
              121.12673083300012,
              14.030624587000034
            ],
            [
              121.12629705100005,
              14.030753330000152
            ],
            [
              121.12583124500009,
              14.030853146000027
            ],
            [
              121.12570129100015,
              14.030842397000129
            ],
            [
              121.12561178500005,
              14.03078637700014
            ],
            [
              121.12535561800007,
              14.030449315000112
            ],
            [
              121.12518799000009,
              14.030331887000159
            ],
            [
              121.1250216310001,
              14.030265343000167
            ],
            [
              121.12492764000001,
              14.030258439000136
            ],
            [
              121.12460404500018,
              14.030332828000155
            ],
            [
              121.12435588900007,
              14.030409938000162
            ],
            [
              121.12422837800023,
              14.030455571000118
            ],
            [
              121.12404781500015,
              14.030462797000155
            ],
            [
              121.12387502800016,
              14.030396059000168
            ],
            [
              121.12368905400001,
              14.030299353000146
            ],
            [
              121.12349503300004,
              14.030287525000062
            ],
            [
              121.12300966200007,
              14.030489762000173
            ],
            [
              121.12263272200005,
              14.030686178999986
            ],
            [
              121.12202272800016,
              14.03083123800019
            ],
            [
              121.12159498800008,
              14.030741971000168
            ],
            [
              121.12138669700005,
              14.030805202000181
            ],
            [
              121.12108147000026,
              14.030962958999964
            ],
            [
              121.12074460200029,
              14.031177370000023
            ],
            [
              121.12051262000011,
              14.031206906000023
            ],
            [
              121.12028619700015,
              14.031177370000023
            ],
            [
              121.12013323300005,
              14.031139955000071
            ],
            [
              121.11996261700017,
              14.031056027000034
            ],
            [
              121.11965252000016,
              14.030894237000155
            ],
            [
              121.11933726500013,
              14.030860993999966
            ],
            [
              121.11908625400008,
              14.030867272000137
            ],
            [
              121.11886489100027,
              14.030860993999966
            ],
            [
              121.11870874400006,
              14.030894237000155
            ],
            [
              121.11853757700021,
              14.030916786000148
            ],
            [
              121.11841483400008,
              14.030894468999975
            ],
            [
              121.11827730400012,
              14.030840307000119
            ],
            [
              121.11815086900003,
              14.030775738000045
            ],
            [
              121.11810096200009,
              14.030616037000073
            ],
            [
              121.11803608400021,
              14.0304363730001
            ],
            [
              121.11794625200002,
              14.030371495000054
            ],
            [
              121.11790526600021,
              14.030224963000023
            ],
            [
              121.11796129100014,
              14.030110383000135
            ],
            [
              121.11804998800005,
              14.029999511000028
            ],
            [
              121.11814238200009,
              14.029896030000089
            ],
            [
              121.11827173300003,
              14.029774070000087
            ],
            [
              121.11838981100004,
              14.029688042000089
            ],
            [
              121.11854101600022,
              14.0296073990001
            ],
            [
              121.11871742200003,
              14.029562038000165
            ],
            [
              121.11885350600016,
              14.029461234000166
            ],
            [
              121.11901983100017,
              14.029370511000025
            ],
            [
              121.1191861560003,
              14.029304989000138
            ],
            [
              121.11939784300012,
              14.029299949000062
            ],
            [
              121.1196599320001,
              14.029299949000062
            ],
            [
              121.11991194000018,
              14.029284829000062
            ],
            [
              121.12012866700002,
              14.029279789000157
            ],
            [
              121.12026979100017,
              14.029239467000025
            ],
            [
              121.12035248400002,
              14.029156283000077
            ],
            [
              121.1207082850002,
              14.029012659999978
            ],
            [
              121.12111773600009,
              14.028912289000118
            ],
            [
              121.12128790300005,
              14.028846335000026
            ],
            [
              121.12142902800008,
              14.028896735999979
            ],
            [
              121.12146934900011,
              14.029017700000054
            ],
            [
              121.12142902800008,
              14.029163865000157
            ],
            [
              121.1214945500002,
              14.029310028999987
            ],
            [
              121.12161681400016,
              14.029411367000023
            ],
            [
              121.12186080700019,
              14.029466820000096
            ],
            [
              121.12206043800006,
              14.02947791000014
            ],
            [
              121.12232661300004,
              14.029455729000176
            ],
            [
              121.1223564180001,
              14.029370511000025
            ],
            [
              121.12245218100009,
              14.029259627999977
            ],
            [
              121.12256306400013,
              14.029148744000054
            ],
            [
              121.12281507200021,
              14.028957218000016
            ],
            [
              121.12289067500012,
              14.028911857000082
            ],
            [
              121.12300155800017,
              14.028846335000026
            ],
            [
              121.12312756200015,
              14.028806013000064
            ],
            [
              121.12323876100015,
              14.028750177000063
            ],
            [
              121.1233619080001,
              14.02870399700015
            ],
            [
              121.12360435300002,
              14.028627030000052
            ],
            [
              121.1237121060002,
              14.028503883000099
            ],
            [
              121.12385064600005,
              14.028342253000062
            ],
            [
              121.12396609600023,
              14.028215258000102
            ],
            [
              121.12422008600004,
              14.028018993000103
            ],
            [
              121.12429320500019,
              14.02790354300015
            ],
            [
              121.12431244600009,
              14.02777654800002
            ],
            [
              121.12431629500031,
              14.027722672000039
            ],
            [
              121.12439711000002,
              14.027664947000119
            ],
            [
              121.12454334600022,
              14.027599525000028
            ],
            [
              121.12470497600009,
              14.027491772000076
            ],
            [
              121.12489739300008,
              14.027418652999984
            ],
            [
              121.12503593300016,
              14.027418652999984
            ],
            [
              121.12508596100008,
              14.027287810000075
            ],
            [
              121.12508596100008,
              14.027187753000078
            ],
            [
              121.12514753500034,
              14.027130027999988
            ],
            [
              121.12520910800004,
              14.02709924100003
            ],
            [
              121.1253168610001,
              14.027053061000117
            ],
            [
              121.12547464300008,
              14.026983791000077
            ],
            [
              121.12563242500016,
              14.026926065999987
            ],
            [
              121.12572863300011,
              14.026895280000133
            ],
            [
              121.1258941110001,
              14.026760588000172
            ],
            [
              121.1258864150002,
              14.026645138000049
            ],
            [
              121.12582869000016,
              14.026475811000125
            ],
            [
              121.12576326800001,
              14.02638730000001
            ],
            [
              121.12574787500012,
              14.02610252300019
            ],
            [
              121.12577096500002,
              14.02591010600014
            ],
            [
              121.12583638600006,
              14.025760021000053
            ],
            [
              121.12597107800002,
              14.025521425000079
            ],
            [
              121.12597877500002,
              14.025382885000113
            ],
            [
              121.12598262300003,
              14.02530976600002
            ],
            [
              121.1260903770002,
              14.025244345000033
            ],
            [
              121.12621461700019,
              14.024954142000126
            ],
            [
              121.12650403500015,
              14.02475516700008
            ],
            [
              121.12690198400014,
              14.024682812000037
            ],
            [
              121.1272818450002,
              14.024628547000077
            ],
            [
              121.12766170600014,
              14.024447660000135
            ],
            [
              121.12796921300003,
              14.024103977000038
            ],
            [
              121.12824054200007,
              14.023905002000163
            ],
            [
              121.12863849200005,
              14.02374220400003
            ],
            [
              121.12907261900023,
              14.023706027000117
            ],
            [
              121.12957910000011,
              14.023579407000113
            ],
            [
              121.13015793600005,
              14.023362343000088
            ],
            [
              121.13061015100004,
              14.023145279999994
            ],
            [
              121.13106236700003,
              14.022928215999968
            ],
            [
              121.13122516400006,
              14.022711153000046
            ],
            [
              121.13160502500011,
              14.022566444000063
            ],
            [
              121.13193062100004,
              14.022693064000066
            ],
            [
              121.13234665900006,
              14.022656886999982
            ],
            [
              121.1327626970002,
              14.022620710000126
            ],
            [
              121.13314255800003,
              14.022476001000143
            ],
            [
              121.13326917800009,
              14.02231320300018
            ],
            [
              121.13341388700007,
              14.022023785000044
            ],
            [
              121.13346815300008,
              14.021680102000118
            ],
            [
              121.13364617000002,
              14.021057698000106
            ],
            [
              121.13369661200011,
              14.020911846000104
            ],
            [
              121.13382652500013,
              14.020857146000026
            ],
            [
              121.1338880630002,
              14.02073407100005
            ],
            [
              121.13392908800017,
              14.020617833000074
            ],
            [
              121.13394276300016,
              14.02047424500006
            ],
            [
              121.1342876000001,
              14.020007356000065
            ],
            [
              121.13519599200015,
              14.019520717000034
            ],
            [
              121.13571507400013,
              14.019326062000005
            ],
            [
              121.13636392500007,
              14.01929361900011
            ],
            [
              121.13688300700005,
              14.019001635999985
            ],
            [
              121.13740208800004,
              14.018223014000057
            ],
            [
              121.13795361200005,
              14.01780126000017
            ],
            [
              121.13850513600005,
              14.017347064000035
            ],
            [
              121.13889444700021,
              14.01643867200005
            ],
            [
              121.13889444700021,
              14.01559516500015
            ],
            [
              121.13869979100025,
              14.01475165800008
            ],
            [
              121.13844025000003,
              14.014297462000172
            ],
            [
              121.13844025000003,
              14.013616168000112
            ],
            [
              121.13857002100019,
              14.01306464400011
            ],
            [
              121.13921887200013,
              14.012837546000128
            ],
            [
              121.14012726500005,
              14.012448235000022
            ],
            [
              121.14048413300009,
              14.011831826000048
            ],
            [
              121.14130453300015,
              14.011808348000102
            ],
            [
              121.144221345,
              14.012421019000044
            ],
            [
              121.14642634800032,
              14.013082963000102
            ],
            [
              121.1480670640002,
              14.013685290000126
            ],
            [
              121.15320345900022,
              14.01551996400002
            ],
            [
              121.1530575390002,
              14.015699932000189
            ],
            [
              121.15287270700003,
              14.015797212000052
            ],
            [
              121.1526976040002,
              14.01585071500017
            ],
            [
              121.15258692700002,
              14.015925131000074
            ],
            [
              121.1526080990003,
              14.015943306000054
            ],
            [
              121.15266181000004,
              14.01598300600017
            ],
            [
              121.1527039670001,
              14.016023905999987
            ],
            [
              121.15269900200008,
              14.016066106000096
            ],
            [
              121.15265480400001,
              14.016111445000035
            ],
            [
              121.1524656480002,
              14.016214196000135
            ],
            [
              121.15226948700001,
              14.016391675000136
            ],
            [
              121.15211302500006,
              14.016454727000053
            ],
            [
              121.15200793900021,
              14.016559813000185
            ],
            [
              121.1517650720001,
              14.016660228999967
            ],
            [
              121.15155957000002,
              14.01686339600019
            ],
            [
              121.15147083000011,
              14.016931118999992
            ],
            [
              121.15132838000022,
              14.017066563000014
            ],
            [
              121.15109253600008,
              14.017330425000182
            ],
            [
              121.15085088500007,
              14.017610739000133
            ],
            [
              121.15075422500001,
              14.017862055000137
            ],
            [
              121.15073489300005,
              14.018045710000138
            ],
            [
              121.15074455900015,
              14.018384020000042
            ],
            [
              121.15074455900015,
              14.018548342000145
            ],
            [
              121.15079772900026,
              14.018808191000062
            ],
            [
              121.1508255650001,
              14.018836420000184
            ],
            [
              121.15085752700008,
              14.018895777000012
            ],
            [
              121.15091688300004,
              14.018968831000052
            ],
            [
              121.15097395600003,
              14.01898481100011
            ],
            [
              121.15103331300008,
              14.01899166000004
            ],
            [
              121.1511223470003,
              14.01899166000004
            ],
            [
              121.15123192800002,
              14.018971114000124
            ],
            [
              121.15131411400012,
              14.018971114000124
            ],
            [
              121.1513780360001,
              14.019016771999986
            ],
            [
              121.15139490800004,
              14.019088871000008
            ],
            [
              121.15142075900008,
              14.019207789000063
            ],
            [
              121.15144144100009,
              14.019282759000077
            ],
            [
              121.15144919600004,
              14.019349974000022
            ],
            [
              121.15142075900008,
              14.019417189000023
            ],
            [
              121.15135871500013,
              14.019476648000023
            ],
            [
              121.15140007800005,
              14.01955937300005
            ],
            [
              121.15141817400001,
              14.01967312100004
            ],
            [
              121.15141300400012,
              14.019745506000106
            ],
            [
              121.15138618200001,
              14.019781710000075
            ],
            [
              121.15134199300019,
              14.019802225999968
            ],
            [
              121.15125046000014,
              14.019860617999996
            ],
            [
              121.15119008800013,
              14.019919614999992
            ],
            [
              121.1511476080002,
              14.019962687000032
            ],
            [
              121.15108750600018,
              14.020052840999995
            ],
            [
              121.15110086200002,
              14.020156351000082
            ],
            [
              121.15116096500014,
              14.020289913000113
            ],
            [
              121.15117098200017,
              14.020400101000178
            ],
            [
              121.15108750600018,
              14.02049025500014
            ],
            [
              121.15094726600012,
              14.020563714000104
            ],
            [
              121.15075694100005,
              14.020637173000068
            ],
            [
              121.15053322500023,
              14.020727327000031
            ],
            [
              121.15026944100009,
              14.020787430000155
            ],
            [
              121.1500323690002,
              14.020884262000152
            ],
            [
              121.14984872100013,
              14.020947704000093
            ],
            [
              121.14970803400024,
              14.020970429000101
            ],
            [
              121.14958678700009,
              14.021019353000042
            ],
            [
              121.14937407200011,
              14.021091676000083
            ],
            [
              121.14925908600003,
              14.021264384000176
            ],
            [
              121.14928875000021,
              14.021434955000132
            ],
            [
              121.14937032800003,
              14.021561030000044
            ],
            [
              121.14954831500006,
              14.021664856000086
            ],
            [
              121.1497263020002,
              14.021783514000106
            ],
            [
              121.14984354100022,
              14.02197585100015
            ],
            [
              121.1498706430001,
              14.022056684000177
            ],
            [
              121.14989016200002,
              14.022150374000091
            ],
            [
              121.14994481400015,
              14.02223235300005
            ],
            [
              121.15004240800022,
              14.022271390000185
            ],
            [
              121.150155616,
              14.022247967999988
            ],
            [
              121.15024930600009,
              14.022228449000067
            ],
            [
              121.15035080300004,
              14.02223235300005
            ],
            [
              121.15043668600015,
              14.022290909000105
            ],
            [
              121.15041716700023,
              14.022368982999978
            ],
            [
              121.15038203300014,
              14.022447058000125
            ],
            [
              121.15031957300016,
              14.02249780699998
            ],
            [
              121.15024540200011,
              14.022513422000145
            ],
            [
              121.15018294300023,
              14.02251732600007
            ],
            [
              121.15009315700001,
              14.022525133000102
            ],
            [
              121.14998385200033,
              14.022489999000072
            ],
            [
              121.14989406600023,
              14.022447058000125
            ],
            [
              121.1497574350002,
              14.022450962000107
            ],
            [
              121.14960215200006,
              14.022463490000064
            ],
            [
              121.14950396700033,
              14.022426087000099
            ],
            [
              121.14943851100008,
              14.022374656000181
            ],
            [
              121.14932629900022,
              14.022384006999971
            ],
            [
              121.14919538600009,
              14.022430762000056
            ],
            [
              121.14898031400026,
              14.022430762000056
            ],
            [
              121.14884472500012,
              14.022496219000061
            ],
            [
              121.14855484600002,
              14.022678562000124
            ],
            [
              121.14834445000008,
              14.022823502000051
            ],
            [
              121.1481106760001,
              14.023024547000034
            ],
            [
              121.14795171000003,
              14.023104030000127
            ],
            [
              121.14778339300005,
              14.023248970000054
            ],
            [
              121.14781612100012,
              14.023370532000172
            ],
            [
              121.14783482300004,
              14.02345001599997
            ],
            [
              121.14770391000002,
              14.023496770000122
            ],
            [
              121.14753091700015,
              14.023566902000084
            ],
            [
              121.14751689100001,
              14.023669763000157
            ],
            [
              121.14754026800017,
              14.02375392099998
            ],
            [
              121.14763377800023,
              14.023810027000025
            ],
            [
              121.14770391000002,
              14.023838080000132
            ],
            [
              121.14777404200015,
              14.023926914000185
            ],
            [
              121.14776001500013,
              14.024011072000064
            ],
            [
              121.14790495500006,
              14.024118608000094
            ],
            [
              121.14786616200013,
              14.024277413000164
            ],
            [
              121.14798642300002,
              14.024416175999988
            ],
            [
              121.14809743300009,
              14.024508684000182
            ],
            [
              121.14803267700006,
              14.024684450000166
            ],
            [
              121.1479586710002,
              14.024878718000082
            ],
            [
              121.14772740000001,
              14.025091486999997
            ],
            [
              121.14755163400002,
              14.025202498000056
            ],
            [
              121.14742212200008,
              14.025350511000113
            ],
            [
              121.14730186100007,
              14.025628036000057
            ],
            [
              121.14719085100012,
              14.025831555000138
            ],
            [
              121.14701508500013,
              14.026072077000151
            ],
            [
              121.14677456300012,
              14.02630334800017
            ],
            [
              121.146515539,
              14.02646061200005
            ],
            [
              121.1461732580002,
              14.026562371000011
            ],
            [
              121.14582172600001,
              14.026701134000064
            ],
            [
              121.14564596000002,
              14.026802893000024
            ],
            [
              121.14543319100017,
              14.027015663000043
            ],
            [
              121.14533143100005,
              14.027163676000157
            ],
            [
              121.14521839200006,
              14.027389240000161
            ],
            [
              121.14508807200014,
              14.02753177700015
            ],
            [
              121.14496996900004,
              14.027588793000064
            ],
            [
              121.14484712500018,
              14.027622096000073
            ],
            [
              121.14478458000019,
              14.027715914000169
            ],
            [
              121.14474635800002,
              14.027844479000066
            ],
            [
              121.14473245900024,
              14.027941771000144
            ],
            [
              121.14471856000011,
              14.02804601300005
            ],
            [
              121.14474288300005,
              14.0281398300001
            ],
            [
              121.14480542800015,
              14.028233648000025
            ],
            [
              121.14494441700003,
              14.028268395000168
            ],
            [
              121.14510078000012,
              14.028303142000084
            ],
            [
              121.14523976900011,
              14.028344839000056
            ],
            [
              121.14534401100002,
              14.028344839000056
            ],
            [
              121.14543087900029,
              14.028362213000094
            ],
            [
              121.14547257500021,
              14.02840390900019
            ],
            [
              121.14553833100013,
              14.028461904999972
            ],
            [
              121.14560862100006,
              14.028470028000015
            ],
            [
              121.14576632700016,
              14.028563034000115
            ],
            [
              121.14591999000004,
              14.028684346000034
            ],
            [
              121.14597255800004,
              14.028736915000025
            ],
            [
              121.14604938900015,
              14.028842052000073
            ],
            [
              121.14605747700011,
              14.029044240000133
            ],
            [
              121.14605747700011,
              14.029205989000104
            ],
            [
              121.14605343300013,
              14.029343477000111
            ],
            [
              121.14599682100004,
              14.029476920000036
            ],
            [
              121.14591190200008,
              14.029573970000058
            ],
            [
              121.14589977100002,
              14.02969528300008
            ],
            [
              121.14588764000018,
              14.029857033000155
            ],
            [
              121.14572993400009,
              14.030127962999984
            ],
            [
              121.14569758400012,
              14.030233100999965
            ],
            [
              121.14570162700011,
              14.030370588000096
            ],
            [
              121.14566523400003,
              14.030447419000154
            ],
            [
              121.14559649000023,
              14.03053638200015
            ],
            [
              121.14554322800007,
              14.030702215000076
            ],
            [
              121.14536485700012,
              14.031004669000083
            ],
            [
              121.14513145900003,
              14.031219775000068
            ],
            [
              121.1449616220001,
              14.031328956000152
            ],
            [
              121.14468239600012,
              14.031446718000154
            ],
            [
              121.14443189100007,
              14.03145431200005
            ],
            [
              121.14431462300013,
              14.031450268000071
            ],
            [
              121.14418522300025,
              14.031389611999998
            ],
            [
              121.14400768900009,
              14.031299368000191
            ],
            [
              121.14391810200027,
              14.03129211200013
            ],
            [
              121.14384873500012,
              14.031335467000076
            ],
            [
              121.14379470100027,
              14.031376379999983
            ],
            [
              121.1435854340001,
              14.031366570000046
            ],
            [
              121.14335981900001,
              14.031366570000046
            ],
            [
              121.14308842600019,
              14.031415617000107
            ],
            [
              121.14286281000022,
              14.031461395000179
            ],
            [
              121.14265681300014,
              14.031507172000147
            ],
            [
              121.14250313300022,
              14.031566028000043
            ],
            [
              121.14241484800004,
              14.03165758199998
            ],
            [
              121.14238215000023,
              14.031762216000118
            ],
            [
              121.14229386600005,
              14.031811262000076
            ],
            [
              121.14224154900023,
              14.031853770000055
            ],
            [
              121.14211729700003,
              14.031902817000116
            ],
            [
              121.14202901200008,
              14.031984562000048
            ],
            [
              121.14191130000017,
              14.03208592500016
            ],
            [
              121.14174127100023,
              14.032134972000051
            ]
          ]
        ]
      }
    },
    {
      "type": "Feature",
      "id": "PH0401017018",
      "properties": {
        "adm4_name": "San Pedro I (Eastern)",
        "adm4_name1": null,
        "adm4_name2": null,
        "adm4_name3": null,
        "adm4_pcode": "PH0401017018",
        "adm3_name": "Malvar",
        "adm3_name1": null,
        "adm3_name2": null,
        "adm3_name3": null,
        "adm3_pcode": "PH0401017",
        "adm2_name": "Batangas",
        "adm2_name1": null,
        "adm2_name2": null,
        "adm2_name3": null,
        "adm2_pcode": "PH04010",
        "adm1_name": "Region IV-A (Calabarzon)",
        "adm1_name1": null,
        "adm1_name2": null,
        "adm1_name3": null,
        "adm1_pcode": "PH04",
        "adm0_name": "Philippines",
        "adm0_name1": null,
        "adm0_name2": null,
        "adm0_name3": null,
        "adm0_pcode": "PH",
        "valid_on": "20250213",
        "valid_to": "00000000",
        "area_sqkm": 1.07725835,
        "version": "v03",
        "lang": "en",
        "lang1": null,
        "lang2": null,
        "lang3": null,
        "adm4_ref_n": "San Pedro I (Eastern)",
        "center_lat": 14.05120712,
        "center_lon": 121.1456824,
        "distync_code": "SAN_PEDRO_I"
      },
      "geometry": {
        "type": "Polygon",
        "coordinates": [
          [
            [
              121.15246857600005,
              14.050513515000034
            ],
            [
              121.15146834100017,
              14.057123383000032
            ],
            [
              121.15078225600018,
              14.056914628000072
            ],
            [
              121.14942227800009,
              14.05646130200006
            ],
            [
              121.14845086500009,
              14.056115910000074
            ],
            [
              121.14754421200007,
              14.055705758000045
            ],
            [
              121.14691514300023,
              14.055431169000144
            ],
            [
              121.14564767600007,
              14.054900239999995
            ],
            [
              121.14511624500005,
              14.056003005000036
            ],
            [
              121.14248036100003,
              14.054148995000105
            ],
            [
              121.14025330300001,
              14.052582542000096
            ],
            [
              121.14009523000016,
              14.052591840000161
            ],
            [
              121.13980697800014,
              14.052629034000006
            ],
            [
              121.13964890500006,
              14.052619735000064
            ],
            [
              121.13954662200024,
              14.052517453000121
            ],
            [
              121.13940714500018,
              14.052312887000085
            ],
            [
              121.13933275800014,
              14.05219200700003
            ],
            [
              121.13918398300018,
              14.05211762000016
            ],
            [
              121.13903757700018,
              14.051980711000112
            ],
            [
              121.13873800500005,
              14.051780996000048
            ],
            [
              121.13926434700011,
              14.050633253
            ],
            [
              121.1415380420002,
              14.045712442000081
            ],
            [
              121.14191406300006,
              14.04588449900001
            ],
            [
              121.1460530720002,
              14.047778405000031
            ],
            [
              121.14724256500006,
              14.048322687000166
            ],
            [
              121.14819011500015,
              14.048691171000087
            ],
            [
              121.15044152800021,
              14.049674237999966
            ],
            [
              121.15246857600005,
              14.050513515000034
            ]
          ]
        ]
      }
    },
    {
      "type": "Feature",
      "id": "PH0401017017",
      "properties": {
        "adm4_name": "San Pedro II (Western)",
        "adm4_name1": null,
        "adm4_name2": null,
        "adm4_name3": null,
        "adm4_pcode": "PH0401017017",
        "adm3_name": "Malvar",
        "adm3_name1": null,
        "adm3_name2": null,
        "adm3_name3": null,
        "adm3_pcode": "PH0401017",
        "adm2_name": "Batangas",
        "adm2_name1": null,
        "adm2_name2": null,
        "adm2_name3": null,
        "adm2_pcode": "PH04010",
        "adm1_name": "Region IV-A (Calabarzon)",
        "adm1_name1": null,
        "adm1_name2": null,
        "adm1_name3": null,
        "adm1_pcode": "PH04",
        "adm0_name": "Philippines",
        "adm0_name1": null,
        "adm0_name2": null,
        "adm0_name3": null,
        "adm0_pcode": "PH",
        "valid_on": "20250213",
        "valid_to": "00000000",
        "area_sqkm": 1.15031814,
        "version": "v03",
        "lang": "en",
        "lang1": null,
        "lang2": null,
        "lang3": null,
        "adm4_ref_n": "San Pedro II (Western)",
        "center_lat": 14.04903907,
        "center_lon": 121.13402203,
        "distync_code": "SAN_PEDRO_II"
      },
      "geometry": {
        "type": "Polygon",
        "coordinates": [
          [
            [
              121.13873800500005,
              14.051780996000048
            ],
            [
              121.13630959800014,
              14.052849459000072
            ],
            [
              121.12458457000002,
              14.047444876999975
            ],
            [
              121.1263064010003,
              14.046053951000033
            ],
            [
              121.12636056000008,
              14.045952962000115
            ],
            [
              121.1268725560002,
              14.045364997000036
            ],
            [
              121.12778055200033,
              14.044785029000025
            ],
            [
              121.12830655000016,
              14.044450048000101
            ],
            [
              121.1288224440002,
              14.044369563000089
            ],
            [
              121.12889951700015,
              14.044357768999987
            ],
            [
              121.12922954900023,
              14.044306052000081
            ],
            [
              121.1304275440001,
              14.043640087000142
            ],
            [
              121.13164054600031,
              14.04405305400013
            ],
            [
              121.1330365450001,
              14.043919054000014
            ],
            [
              121.13408154700005,
              14.044329022
            ],
            [
              121.13485254400018,
              14.04393004300016
            ],
            [
              121.13511954100011,
              14.043430072999968
            ],
            [
              121.13585953900008,
              14.043214083000066
            ],
            [
              121.13975054700018,
              14.044895952000047
            ],
            [
              121.1415380420002,
              14.045712442000081
            ],
            [
              121.13926434700011,
              14.050633253
            ],
            [
              121.13873800500005,
              14.051780996000048
            ]
          ]
        ]
      }
    },
    {
      "type": "Feature",
      "id": "PH0401017019",
      "properties": {
        "adm4_name": "San Pioquinto",
        "adm4_name1": null,
        "adm4_name2": null,
        "adm4_name3": null,
        "adm4_pcode": "PH0401017019",
        "adm3_name": "Malvar",
        "adm3_name1": null,
        "adm3_name2": null,
        "adm3_name3": null,
        "adm3_pcode": "PH0401017",
        "adm2_name": "Batangas",
        "adm2_name1": null,
        "adm2_name2": null,
        "adm2_name3": null,
        "adm2_pcode": "PH04010",
        "adm1_name": "Region IV-A (Calabarzon)",
        "adm1_name1": null,
        "adm1_name2": null,
        "adm1_name3": null,
        "adm1_pcode": "PH04",
        "adm0_name": "Philippines",
        "adm0_name1": null,
        "adm0_name2": null,
        "adm0_name3": null,
        "adm0_pcode": "PH",
        "valid_on": "20250213",
        "valid_to": "00000000",
        "area_sqkm": 2.40153474,
        "version": "v03",
        "lang": "en",
        "lang1": null,
        "lang2": null,
        "lang3": null,
        "adm4_ref_n": "San Pioquinto",
        "center_lat": 14.06149493,
        "center_lon": 121.1616522,
        "distync_code": "SAN_PIOQUINTO"
      },
      "geometry": {
        "type": "Polygon",
        "coordinates": [
          [
            [
              121.15915372500012,
              14.074000277000039
            ],
            [
              121.15900211000007,
              14.074031289000118
            ],
            [
              121.15905027300005,
              14.073817130000066
            ],
            [
              121.15914621600007,
              14.073614583000108
            ],
            [
              121.15913555600014,
              14.07339071600012
            ],
            [
              121.15913555600014,
              14.073209490000067
            ],
            [
              121.15910357500002,
              14.073006944000156
            ],
            [
              121.15903961300012,
              14.072836379000023
            ],
            [
              121.15903961300012,
              14.072633832000008
            ],
            [
              121.15911423500006,
              14.072420626000167
            ],
            [
              121.15911998800004,
              14.072114786000043
            ],
            [
              121.15913639700011,
              14.072038211000063
            ],
            [
              121.15914733600005,
              14.071896000000095
            ],
            [
              121.15917468400016,
              14.071764729000165
            ],
            [
              121.15922938100016,
              14.071677215000022
            ],
            [
              121.15926219900007,
              14.071638927000038
            ],
            [
              121.1594317580001,
              14.07154047400013
            ],
            [
              121.1596450740002,
              14.07138185399998
            ],
            [
              121.15992949500003,
              14.071195886000055
            ],
            [
              121.16004435800016,
              14.071163068000033
            ],
            [
              121.16023357100028,
              14.07097082000007
            ],
            [
              121.1604574380001,
              14.070810915000095
            ],
            [
              121.16065998400029,
              14.07059770800015
            ],
            [
              121.16086253000003,
              14.070427143000131
            ],
            [
              121.1610330960001,
              14.070224596000173
            ],
            [
              121.16116102000001,
              14.070054030999984
            ],
            [
              121.16116102000001,
              14.069787523000173
            ],
            [
              121.16106507700033,
              14.069510354000045
            ],
            [
              121.16105441600007,
              14.0692971470001
            ],
            [
              121.160947813,
              14.068998658000169
            ],
            [
              121.16087319100006,
              14.068732149000027
            ],
            [
              121.16076658700001,
              14.068550924000078
            ],
            [
              121.16070262500023,
              14.06836969799997
            ],
            [
              121.16074526700015,
              14.068188472000088
            ],
            [
              121.16074526700015,
              14.067975265000143
            ],
            [
              121.16072394600008,
              14.067772719000061
            ],
            [
              121.16062800300006,
              14.06759149300018
            ],
            [
              121.16070262500023,
              14.06737828700011
            ],
            [
              121.1606706440001,
              14.067079797000133
            ],
            [
              121.16065998400029,
              14.066834609000068
            ],
            [
              121.16065998400029,
              14.06660008200015
            ],
            [
              121.16052881100006,
              14.06634122600019
            ],
            [
              121.16045530300016,
              14.066276119000065
            ],
            [
              121.16035239400003,
              14.066158508000171
            ],
            [
              121.16026208500011,
              14.066045097000142
            ],
            [
              121.16015497400008,
              14.06594428700015
            ],
            [
              121.1600394630002,
              14.065839277000123
            ],
            [
              121.159934453,
              14.065753169000118
            ],
            [
              121.15985464500022,
              14.065688062000163
            ],
            [
              121.15977693800005,
              14.065635557000178
            ],
            [
              121.15964749400018,
              14.065485189000185
            ],
            [
              121.1594962810002,
              14.065414622999981
            ],
            [
              121.1594599900003,
              14.065378331000034
            ],
            [
              121.15942830400002,
              14.06525122000005
            ],
            [
              121.1593672460001,
              14.065150504000087
            ],
            [
              121.15932087400017,
              14.065102116000162
            ],
            [
              121.15927046900003,
              14.065007355000034
            ],
            [
              121.15918048000015,
              14.064854282000113
            ],
            [
              121.15916361200016,
              14.064793641000165
            ],
            [
              121.15917167700002,
              14.06474323600014
            ],
            [
              121.1591111910003,
              14.064680735000024
            ],
            [
              121.15906683600008,
              14.064626298000064
            ],
            [
              121.15895155800001,
              14.064350233000027
            ],
            [
              121.15891585400004,
              14.064308229000119
            ],
            [
              121.15889695200008,
              14.064238922000186
            ],
            [
              121.15889546100004,
              14.064176691000057
            ],
            [
              121.15884444700009,
              14.0641255110001
            ],
            [
              121.15878354100005,
              14.064001599000164
            ],
            [
              121.15876674000015,
              14.063934392000021
            ],
            [
              121.15873819900003,
              14.063876281000091
            ],
            [
              121.15853571700018,
              14.06353535400001
            ],
            [
              121.15835089900008,
              14.063277029000062
            ],
            [
              121.15828789300008,
              14.063148916000046
            ],
            [
              121.15823958900012,
              14.063075409000078
            ],
            [
              121.15823958900012,
              14.062978800000167
            ],
            [
              121.15823748800005,
              14.062911593000024
            ],
            [
              121.15820388500003,
              14.062796082000148
            ],
            [
              121.15797060000023,
              14.062474671000132
            ],
            [
              121.15770319800004,
              14.062106994000146
            ],
            [
              121.15725195800007,
              14.061572192000142
            ],
            [
              121.15686756900016,
              14.061204514999986
            ],
            [
              121.15667703700001,
              14.061013009000135
            ],
            [
              121.15659933000006,
              14.060929001000147
            ],
            [
              121.15648801900034,
              14.060788287000037
            ],
            [
              121.15640611100014,
              14.060708480000073
            ],
            [
              121.15629934100002,
              14.06055272400016
            ],
            [
              121.15621079200002,
              14.060410251000178
            ],
            [
              121.15610578200005,
              14.060284239000055
            ],
            [
              121.156028074,
              14.060217032000082
            ],
            [
              121.15600077200008,
              14.060109922000095
            ],
            [
              121.15599851500019,
              14.059934359000067
            ],
            [
              121.1560343750001,
              14.05987049800001
            ],
            [
              121.15589377900005,
              14.059536013000127
            ],
            [
              121.15569702600021,
              14.059116274000132
            ],
            [
              121.15530352100006,
              14.058591600000057
            ],
            [
              121.15472638000017,
              14.05821121200006
            ],
            [
              121.15432810000004,
              14.058062833000122
            ],
            [
              121.15422000000001,
              14.058022560999973
            ],
            [
              121.15405742000007,
              14.05796199200006
            ],
            [
              121.15313142100013,
              14.057610018000048
            ],
            [
              121.1530057120001,
              14.057562236000024
            ],
            [
              121.15146834100017,
              14.057123383000032
            ],
            [
              121.15246857600005,
              14.050513515000034
            ],
            [
              121.15310254900021,
              14.049611729000048
            ],
            [
              121.15361228900008,
              14.049049258000139
            ],
            [
              121.15398141000003,
              14.04890864100014
            ],
            [
              121.15443904100027,
              14.049066950000167
            ],
            [
              121.15674729400007,
              14.049891664000029
            ],
            [
              121.1572683490001,
              14.050068737000004
            ],
            [
              121.15892668400011,
              14.051370687000087
            ],
            [
              121.16629013000022,
              14.05443082000005
            ],
            [
              121.168680859,
              14.055546493999998
            ],
            [
              121.17143560200032,
              14.056110042000114
            ],
            [
              121.17311001600012,
              14.056486237000058
            ],
            [
              121.17305528700012,
              14.056672317000164
            ],
            [
              121.17306076000011,
              14.056863870000143
            ],
            [
              121.17306076000011,
              14.057011640000098
            ],
            [
              121.17303339500006,
              14.057230557000025
            ],
            [
              121.17298961100005,
              14.057356435000088
            ],
            [
              121.17291299000021,
              14.057438528999967
            ],
            [
              121.17284184200014,
              14.057465894000188
            ],
            [
              121.17277069400029,
              14.057575353000118
            ],
            [
              121.17269954500023,
              14.057673866000187
            ],
            [
              121.17266123500008,
              14.057777852000072
            ],
            [
              121.17257366800015,
              14.057859946000121
            ],
            [
              121.1724915740001,
              14.05799676900017
            ],
            [
              121.17241495200017,
              14.058117174000074
            ],
            [
              121.1722945480002,
              14.058171903000073
            ],
            [
              121.17215772400004,
              14.058177376000117
            ],
            [
              121.17208110300021,
              14.058095282000068
            ],
            [
              121.17200448200015,
              14.057991296000125
            ],
            [
              121.1719223880001,
              14.05776690600004
            ],
            [
              121.17180745600001,
              14.057613663000097
            ],
            [
              121.17173630800016,
              14.057515150000029
            ],
            [
              121.17161043000021,
              14.057537042000035
            ],
            [
              121.17154475500001,
              14.057646501000136
            ],
            [
              121.17153380900004,
              14.057821635000039
            ],
            [
              121.17157211900019,
              14.05793109400014
            ],
            [
              121.17163779500027,
              14.058117174000074
            ],
            [
              121.17165421300001,
              14.058275889000186
            ],
            [
              121.17163232200005,
              14.05839629400009
            ],
            [
              121.17153380900004,
              14.05847838800014
            ],
            [
              121.17139151200001,
              14.05846196900012
            ],
            [
              121.17132036400005,
              14.058363456000052
            ],
            [
              121.17127110700017,
              14.058188322000092
            ],
            [
              121.17111786500004,
              14.05791467500012
            ],
            [
              121.1709372580001,
              14.057810689000064
            ],
            [
              121.17071286700013,
              14.057859946000121
            ],
            [
              121.17059793500005,
              14.057947513000158
            ],
            [
              121.17044469300015,
              14.058007714999974
            ],
            [
              121.17029145100003,
              14.058018661000006
            ],
            [
              121.17017651900017,
              14.058002242000157
            ],
            [
              121.16996307400018,
              14.058062445000076
            ],
            [
              121.16964564300008,
              14.058144539000125
            ],
            [
              121.16939936100016,
              14.058281362000173
            ],
            [
              121.16918044300019,
              14.058489334000171
            ],
            [
              121.1691147680001,
              14.058598793000044
            ],
            [
              121.16908740300028,
              14.058724671000164
            ],
            [
              121.16902172800008,
              14.05896000700011
            ],
            [
              121.16881922900029,
              14.059282910999968
            ],
            [
              121.16864409500022,
              14.059611287000166
            ],
            [
              121.1684853800001,
              14.059852097000032
            ],
            [
              121.16832119100013,
              14.059999866000055
            ],
            [
              121.16809132800006,
              14.06004912300017
            ],
            [
              121.1679709230001,
              14.060016285000074
            ],
            [
              121.16783409900017,
              14.059868516000051
            ],
            [
              121.16775200500012,
              14.059726219000083
            ],
            [
              121.16760970900009,
              14.059644125000034
            ],
            [
              121.1674509930001,
              14.059600341000134
            ],
            [
              121.16730869700018,
              14.059709800000064
            ],
            [
              121.16731964300004,
              14.059819259000164
            ],
            [
              121.16734700700033,
              14.0599506100001
            ],
            [
              121.16737437200004,
              14.060065542000189
            ],
            [
              121.16735665900012,
              14.060230769999976
            ],
            [
              121.1673130580001,
              14.060322815000063
            ],
            [
              121.16726945800008,
              14.060419703999969
            ],
            [
              121.16712896800016,
              14.060502061000136
            ],
            [
              121.16682376700021,
              14.060574728000006
            ],
            [
              121.1666202990001,
              14.060628017000113
            ],
            [
              121.16647980900018,
              14.060739440000134
            ],
            [
              121.16642652000007,
              14.06089930700017
            ],
            [
              121.16641198600018,
              14.061039797000035
            ],
            [
              121.16634416400007,
              14.061175441999978
            ],
            [
              121.1663199410001,
              14.061286865000056
            ],
            [
              121.16626180800017,
              14.06133046500014
            ],
            [
              121.16616491800016,
              14.061417666000125
            ],
            [
              121.16608740700008,
              14.061606600000118
            ],
            [
              121.16594691700016,
              14.061994158000061
            ],
            [
              121.16580642700023,
              14.062338116000092
            ],
            [
              121.1657337600002,
              14.062560962000077
            ],
            [
              121.1657337600002,
              14.062648162000187
            ],
            [
              121.16571438200003,
              14.06277411900004
            ],
            [
              121.1656659370002,
              14.06291945300012
            ],
            [
              121.1656271820001,
              14.062992120000047
            ],
            [
              121.16553029200008,
              14.06307447600011
            ],
            [
              121.16546731400001,
              14.06318105400004
            ],
            [
              121.16541402500013,
              14.063239188000068
            ],
            [
              121.16544793600019,
              14.063326388000178
            ],
            [
              121.16555935900021,
              14.06335061100009
            ],
            [
              121.16569984900013,
              14.063311855000109
            ],
            [
              121.16585487200007,
              14.063326388000178
            ],
            [
              121.1658984720001,
              14.063355454999964
            ],
            [
              121.16604380600006,
              14.063423278000187
            ],
            [
              121.16605834000006,
              14.063495945000057
            ],
            [
              121.16605349500003,
              14.063573457000075
            ],
            [
              121.16601473900005,
              14.06365096799999
            ],
            [
              121.16584033800007,
              14.063738169000032
            ],
            [
              121.16575798200006,
              14.063767236000047
            ],
            [
              121.1656659370002,
              14.063815680000118
            ],
            [
              121.16555451500017,
              14.063878658000021
            ],
            [
              121.1654091800001,
              14.063878658000021
            ],
            [
              121.16527838000002,
              14.063868970000101
            ],
            [
              121.1651378900001,
              14.06388350300017
            ],
            [
              121.16496833300016,
              14.063985237000054
            ],
            [
              121.16491020000024,
              14.064116038000122
            ],
            [
              121.16490051100004,
              14.064251683000066
            ],
            [
              121.16490051100004,
              14.064363106000144
            ],
            [
              121.16491020000024,
              14.064464840000028
            ],
            [
              121.16495380000015,
              14.064585952000073
            ],
            [
              121.16496833300016,
              14.064668307999966
            ],
            [
              121.1648665990001,
              14.0647651970001
            ],
            [
              121.16474548700023,
              14.064770042000077
            ],
            [
              121.16466797600015,
              14.064823331000127
            ],
            [
              121.16454686400004,
              14.064910531000066
            ],
            [
              121.16450810800006,
              14.065041332000135
            ],
            [
              121.16450810800006,
              14.065147910000064
            ],
            [
              121.16449357500017,
              14.06521573300006
            ],
            [
              121.16441606300009,
              14.065302934000101
            ],
            [
              121.1643482410002,
              14.065302934000101
            ],
            [
              121.16423197300003,
              14.065191511000023
            ],
            [
              121.1640624170002,
              14.065104309999981
            ],
            [
              121.16392192700027,
              14.065080088000116
            ],
            [
              121.16376205900019,
              14.065046177000056
            ],
            [
              121.16364094800008,
              14.064963820000116
            ],
            [
              121.16357796900002,
              14.065021954000088
            ],
            [
              121.16348108000011,
              14.065094621000185
            ],
            [
              121.1632630790001,
              14.065181822
            ],
            [
              121.16315650000013,
              14.065293245000078
            ],
            [
              121.16314681100005,
              14.065361067000026
            ],
            [
              121.1631661890001,
              14.06541435700018
            ],
            [
              121.16320010000015,
              14.065467646000059
            ],
            [
              121.16327761200034,
              14.065482179000071
            ],
            [
              121.1633841900001,
              14.06550640200004
            ],
            [
              121.16359250300002,
              14.065496713000073
            ],
            [
              121.16372330400009,
              14.06550640200004
            ],
            [
              121.16388317100007,
              14.065598447000127
            ],
            [
              121.16400912800009,
              14.065675958000043
            ],
            [
              121.16403335000018,
              14.065772848000051
            ],
            [
              121.16400428300017,
              14.065850359000024
            ],
            [
              121.1639413050001,
              14.065995693000104
            ],
            [
              121.16381534900017,
              14.06611196100016
            ],
            [
              121.16375237000022,
              14.066174939000007
            ],
            [
              121.16359734700006,
              14.066329962000168
            ],
            [
              121.16347623500019,
              14.066436540000097
            ],
            [
              121.16338903500002,
              14.066514052000116
            ],
            [
              121.16328245700015,
              14.066567341000166
            ],
            [
              121.16319041200006,
              14.066625475000023
            ],
            [
              121.16311774400026,
              14.06670298600011
            ],
            [
              121.16302085500001,
              14.066761120000137
            ],
            [
              121.16302290700014,
              14.06681232200009
            ],
            [
              121.16304023300017,
              14.06687738700009
            ],
            [
              121.16310061500019,
              14.066952196000102
            ],
            [
              121.16319386400016,
              14.067045445000133
            ],
            [
              121.163333738,
              14.067154235000032
            ],
            [
              121.16345807000005,
              14.067263026000091
            ],
            [
              121.16342698700021,
              14.06736404600008
            ],
            [
              121.16335705000017,
              14.067472836000036
            ],
            [
              121.16329901100005,
              14.067563522000057
            ],
            [
              121.16323271800002,
              14.067667105000055
            ],
            [
              121.16325603000018,
              14.067822519999993
            ],
            [
              121.1633104250003,
              14.067876916000102
            ],
            [
              121.16330265500005,
              14.068055643000037
            ],
            [
              121.163333738,
              14.068179975000191
            ],
            [
              121.16332596700022,
              14.068296536000162
            ],
            [
              121.16323271800002,
              14.068436410000174
            ],
            [
              121.16323271800002,
              14.068552971000145
            ],
            [
              121.1632638010002,
              14.068653991000133
            ],
            [
              121.16334150800014,
              14.068731699000182
            ],
            [
              121.16352023600018,
              14.068832718000124
            ],
            [
              121.16366788000016,
              14.068879343000162
            ],
            [
              121.16367565100018,
              14.068988133999994
            ],
            [
              121.16367565100018,
              14.069128007000131
            ],
            [
              121.16366788000016,
              14.069298964000154
            ],
            [
              121.16371450500003,
              14.069399984000142
            ],
            [
              121.1637999830001,
              14.069532086000095
            ],
            [
              121.16388546100006,
              14.069664189000093
            ],
            [
              121.16398648100028,
              14.06984291700013
            ],
            [
              121.16411858400011,
              14.069943936000016
            ],
            [
              121.16414966700029,
              14.070068269000103
            ],
            [
              121.16398648100028,
              14.070200371000055
            ],
            [
              121.1639553980001,
              14.070285850000062
            ],
            [
              121.16385437800011,
              14.070332474000054
            ],
            [
              121.16366010900015,
              14.070472348000067
            ],
            [
              121.16348915300034,
              14.07053451400003
            ],
            [
              121.16327934200012,
              14.070612220999976
            ],
            [
              121.16322494700012,
              14.070689929000025
            ],
            [
              121.16324825900017,
              14.07084534400019
            ],
            [
              121.16323271800002,
              14.070969676000175
            ],
            [
              121.1631083860002,
              14.071078467000007
            ],
            [
              121.16300736600022,
              14.071148404000041
            ],
            [
              121.16289080500007,
              14.071249423000154
            ],
            [
              121.16278201400019,
              14.071389297000167
            ],
            [
              121.16257220400007,
              14.071474775000127
            ],
            [
              121.16243233000023,
              14.071490316999984
            ],
            [
              121.16213704100005,
              14.071513629000151
            ],
            [
              121.1619505430001,
              14.07164573200015
            ],
            [
              121.16188060600007,
              14.071777834999978
            ],
            [
              121.16188837700008,
              14.071878855000023
            ],
            [
              121.1619505430001,
              14.071941021000157
            ],
            [
              121.16198162600006,
              14.072018728000103
            ],
            [
              121.16194826900005,
              14.072191232000023
            ],
            [
              121.16194482400022,
              14.072294606000014
            ],
            [
              121.16190692000009,
              14.072373859000095
            ],
            [
              121.1618621240001,
              14.072404871000174
            ],
            [
              121.1618035460001,
              14.072442775000127
            ],
            [
              121.16178345400021,
              14.072467503000041
            ],
            [
              121.1617587500001,
              14.072497908000173
            ],
            [
              121.16170017200022,
              14.072539258000006
            ],
            [
              121.16156234000005,
              14.07259439000012
            ],
            [
              121.16148653200014,
              14.072642632000054
            ],
            [
              121.16136592900023,
              14.072739114000058
            ],
            [
              121.16130045900013,
              14.072859717000142
            ],
            [
              121.16122809700016,
              14.072980320000113
            ],
            [
              121.16121086800001,
              14.07307680200006
            ],
            [
              121.16117279900004,
              14.073147084000027
            ],
            [
              121.16116607300012,
              14.07315950200018
            ],
            [
              121.1611109400003,
              14.073242201000028
            ],
            [
              121.160979999,
              14.073324899999989
            ],
            [
              121.16088696300017,
              14.073397262000128
            ],
            [
              121.16076291400009,
              14.07346617800016
            ],
            [
              121.16062852800019,
              14.073517865000099
            ],
            [
              121.16047346700009,
              14.07357988900003
            ],
            [
              121.16039765900018,
              14.073614347000046
            ],
            [
              121.16034597200007,
              14.073645359000125
            ],
            [
              121.16025982700012,
              14.073714275000157
            ],
            [
              121.16019435700002,
              14.07375217900011
            ],
            [
              121.16011510400017,
              14.073783191000189
            ],
            [
              121.16005997100012,
              14.073769408000032
            ],
            [
              121.15999105500009,
              14.073755625000047
            ],
            [
              121.15991180100013,
              14.073790083000063
            ],
            [
              121.1598428850001,
              14.07379352900017
            ],
            [
              121.15976363200002,
              14.073814203999973
            ],
            [
              121.15964302900011,
              14.073838324000008
            ],
            [
              121.15958789600006,
              14.073852106999993
            ],
            [
              121.15951208800004,
              14.073890011000117
            ],
            [
              121.15944661800006,
              14.073945144000163
            ],
            [
              121.15935702700006,
              14.073962373000086
            ],
            [
              121.1593156780001,
              14.073962373000086
            ],
            [
              121.15925020800023,
              14.073989939000057
            ],
            [
              121.15915372500012,
              14.074000277000039
            ]
          ]
        ]
      }
    }
  ]
}
